"replicate","method","c1","c2","n_optima","empty_middle","BA_boot","BA_original","optimism"
1,"Youden",-0.69029209625,-0.17912371135,2,FALSE,0.682145933308724,0.651827242524917,0.030318690783807
1,"Distance",-1.98969072165,0.7573024055,1,FALSE,0.598055863172142,0.647422173003568,-0.0493663098314261
2,"Youden",-1.4742268041,2.5206185565,1,FALSE,0.744382921127107,0.666789713301341,0.077593207825766
2,"Distance",-1.4742268041,2.5206185565,1,FALSE,0.744382921127107,0.666789713301341,0.077593207825766
3,"Youden",-0.6387457045,0.806701031,1,FALSE,0.713818137073951,0.696862310815799,0.0169558262581518
3,"Distance",-1.63101374575,2.058848797,1,FALSE,0.693269349083303,0.67525532176695,0.0180140273163529
4,"Youden",-1.05970790375,1.47895189,1,FALSE,0.752159468438538,0.67390180878553,0.0782576596530085
4,"Distance",-1.57731958765,1.47895189,1,FALSE,0.746130183339486,0.667872523686477,0.0782576596530085
5,"Youden",-1.56872852235,0.6112542955,1,FALSE,0.768426233542513,0.68448381936754,0.0839424141749723
5,"Distance",-1.56872852235,2.211340206,1,FALSE,0.74369385997293,0.667503383782454,0.0761904761904761
6,"Youden",-1.01030927835,0.6112542955,1,FALSE,0.783585578934416,0.690513104466593,0.0930724744678233
6,"Distance",-1.4742268041,0.806701031,1,FALSE,0.769090685369755,0.691522086870924,0.077568598498831
7,"Youden",-1.4742268041,2.058848797,1,FALSE,0.666445182724252,0.674910791189861,-0.00846560846560851
7,"Distance",-1.4742268041,2.058848797,1,FALSE,0.666445182724252,0.674910791189861,-0.00846560846560851
8,"Youden",-0.6387457045,1.219072165,1,FALSE,0.766974283253353,0.68874123292728,0.0782330503260735
8,"Distance",-0.6387457045,1.219072165,1,FALSE,0.766974283253353,0.68874123292728,0.0782330503260735
9,"Youden",-1.3711340206,2.058848797,1,FALSE,0.839227267134244,0.666814322628276,0.172412944505968
9,"Distance",-1.3711340206,2.058848797,1,FALSE,0.839227267134244,0.666814322628276,0.172412944505968
10,"Youden",-1.63101374575,0.6112542955,1,FALSE,0.72358803986711,0.692235757352036,0.0313522825150732
10,"Distance",-1.63101374575,0.6112542955,1,FALSE,0.72358803986711,0.692235757352036,0.0313522825150732
11,"Youden",-1.6825601375,0.6112542955,1,FALSE,0.714088839670235,0.692235757352036,0.0218530823181985
11,"Distance",-1.6825601375,0.6112542955,1,FALSE,0.714088839670235,0.692235757352036,0.0218530823181985
12,"Youden",-1.63101374575,0.13445017195,1,FALSE,0.685960378983635,0.661966285222099,0.0239940937615356
12,"Distance",-1.63101374575,1.47895189,1,FALSE,0.668241663590501,0.675624461670973,-0.00738279808047249
13,"Youden",-1.3711340206,0.6112542955,1,FALSE,0.737393872277593,0.683794758213363,0.0535991140642303
13,"Distance",-1.4656357388,2.058848797,1,FALSE,0.705229481973668,0.667158853205365,0.0380706287683031
14,"Youden",-0.69029209625,2.058848797,2,FALSE,0.79729297403716,0.680251015134736,0.117041958902424
14,"Distance",-0.69029209625,2.058848797,2,FALSE,0.79729297403716,0.680251015134736,0.117041958902424
15,"Youden",-1.4742268041,1.0622852235,1,FALSE,0.737713793527747,0.675649070997908,0.0620647225298389
15,"Distance",-1.4742268041,1.0622852235,1,FALSE,0.737713793527747,0.675649070997908,0.0620647225298389
16,"Youden",-0.535652921,0.1323024055,1,FALSE,0.705401747262212,0.659210040605389,0.0461917066568229
16,"Distance",-1.63101374575,2.211340206,1,FALSE,0.644567491079119,0.67525532176695,-0.0306878306878307
17,"Youden",-0.07817869415,0.609106529,2,FALSE,0.665165497723637,0.681038513596653,-0.0158730158730159
17,"Distance",-1.63101374575,2.5206185565,1,FALSE,0.637160083671712,0.66713424387843,-0.0299741602067183
18,"Youden",-1.63101374575,1.219072165,1,FALSE,0.78250276854928,0.683745539559493,0.0987572289897871
18,"Distance",-1.63101374575,1.219072165,1,FALSE,0.78250276854928,0.683745539559493,0.0987572289897871
19,"Youden",-1.57731958765,0.858247423,1,FALSE,0.737689184200812,0.684114679463517,0.0535745047372954
19,"Distance",-1.57731958765,0.858247423,1,FALSE,0.737689184200812,0.684114679463517,0.0535745047372954
20,"Youden",-0.69029209625,0.1323024055,2,FALSE,0.659554571182478,0.666961978589886,-0.00740740740740742
20,"Distance",-1.63101374575,2.058848797,1,FALSE,0.621311677125631,0.67525532176695,-0.0539436446413191
21,"Youden",-0.6967353952,2.5206185565,2,FALSE,0.759246954595792,0.672129937246216,0.0871170173495756
21,"Distance",-1.6825601375,2.5206185565,1,FALSE,0.746154792666421,0.66713424387843,0.0790205487879907
22,"Youden",-1.63101374575,-0.12757731955,2,FALSE,0.679242032730405,0.654583487141627,0.0246585455887782
22,"Distance",-1.63101374575,0.6112542955,1,FALSE,0.653771379352775,0.692235757352036,-0.0384643779992617
23,"Youden",-1.63101374575,0.6112542955,1,FALSE,0.770887166236003,0.692235757352036,0.0786514088839669
23,"Distance",-1.63101374575,2.056701031,1,FALSE,0.722529838808909,0.67525532176695,0.0472745170419588
24,"Youden",-1.63101374575,1.219072165,1,FALSE,0.771207087486157,0.683745539559493,0.0874615479266642
24,"Distance",-1.63101374575,2.056701031,1,FALSE,0.763086009597638,0.67525532176695,0.0878306878306878
25,"Youden",-1.01030927835,1.219072165,1,FALSE,0.735966531315368,0.682022886674049,0.0539436446413191
25,"Distance",-1.57731958765,1.219072165,1,FALSE,0.729248185062139,0.675993601574997,0.0532545834871416
26,"Youden",-1.220790378,1.219072165,1,FALSE,0.736286452565522,0.674960009843731,0.0613264427217917
26,"Distance",-1.220790378,1.219072165,1,FALSE,0.736286452565522,0.674960009843731,0.0613264427217917
27,"Youden",-1.4656357388,0.606958763,1,FALSE,0.676042820228867,0.684139288790452,-0.00809646856158486
27,"Distance",-1.4656357388,0.858247423,1,FALSE,0.675673680324843,0.683770148886428,-0.00809646856158486
28,"Youden",-0.3316151203,2.056701031,1,FALSE,0.679906484557647,0.679906484557647,0
28,"Distance",-1.4742268041,2.056701031,1,FALSE,0.667503383782454,0.674910791189861,-0.00740740740740742
29,"Youden",-1.63101374575,2.681701031,1,FALSE,0.81348591116033,0.65901316598991,0.15447274517042
29,"Distance",-1.63101374575,2.681701031,1,FALSE,0.81348591116033,0.65901316598991,0.15447274517042
30,"Youden",-0.6967353952,2.058848797,1,FALSE,0.751814937861449,0.680251015134736,0.0715639227267134
30,"Distance",-1.63101374575,2.058848797,1,FALSE,0.73837824535499,0.67525532176695,0.0631229235880398
31,"Youden",-0.3316151203,0.609106529,1,FALSE,0.750830564784053,0.696886920142734,0.0539436446413191
31,"Distance",-1.4656357388,1.0107388315,1,FALSE,0.737369262950658,0.667897133013412,0.0694721299372462
32,"Youden",-0.69029209625,-0.17912371135,2,FALSE,0.667331118493909,0.651827242524917,0.0155038759689922
32,"Distance",-1.4742268041,0.6112542955,1,FALSE,0.635831180017226,0.691891226774948,-0.0560600467577212
33,"Youden",-1.01030927835,1.219072165,1,FALSE,0.682342807924203,0.682022886674049,0.000319921250153787
33,"Distance",-1.63101374575,1.219072165,1,FALSE,0.675968992248062,0.683745539559493,-0.00777654731143107
34,"Youden",-0.69029209625,-0.07817869415,4,FALSE,0.675083056478405,0.659579180509413,0.0155038759689922
34,"Distance",-1.6825601375,0.858247423,1,FALSE,0.629457364341085,0.691866617448013,-0.0624092531069276
35,"Youden",-1.56872852235,0.6112542955,1,FALSE,0.721102497846684,0.68448381936754,0.0366186784791436
35,"Distance",-1.56872852235,0.6112542955,1,FALSE,0.721102497846684,0.68448381936754,0.0366186784791436
36,"Youden",-1.4742268041,0.130154639,1,FALSE,0.677150239940938,0.66162175464501,0.0155284852959271
36,"Distance",-1.6825601375,1.0622852235,1,FALSE,0.644247569828965,0.675993601574997,-0.0317460317460317
37,"Youden",-0.3316151203,0.858247423,1,FALSE,0.720487264673311,0.69651778023871,0.0239694844346007
37,"Distance",-1.01030927835,1.47895189,1,FALSE,0.705967761781715,0.67390180878553,0.0320659529961855
38,"Youden",-0.69029209625,0.609106529,2,FALSE,0.721200935154424,0.697231450719823,0.0239694844346007
38,"Distance",-1.220790378,2.058848797,1,FALSE,0.713006029285099,0.666469792051187,0.0465362372339116
39,"Youden",-1.63101374575,0.6112542955,1,FALSE,0.779328165374677,0.692235757352036,0.0870924080226405
39,"Distance",-1.63101374575,0.858247423,1,FALSE,0.778959025470653,0.691866617448013,0.0870924080226405
40,"Youden",-1.63101374575,0.6112542955,1,FALSE,0.756343054017473,0.692235757352036,0.0641072966654361
40,"Distance",-1.4742268041,0.6112542955,1,FALSE,0.755653992863295,0.691891226774948,0.0637627660883474
41,"Youden",-0.32946735395,1.47895189,1,FALSE,0.743398548049711,0.672523686477175,0.070874861572536
41,"Distance",-1.63101374575,1.47895189,1,FALSE,0.739091915836102,0.675624461670973,0.0634674541651287
42,"Youden",-1.63101374575,2.681701031,1,FALSE,0.703088470530331,0.65901316598991,0.0440753045404207
42,"Distance",-1.63101374575,2.5206185565,1,FALSE,0.695705672449858,0.66713424387843,0.0285714285714286
43,"Youden",-1.63101374575,1.47895189,1,FALSE,0.739854804971084,0.675624461670973,0.0642303433001108
43,"Distance",-1.63101374575,2.058848797,1,FALSE,0.715491571305525,0.67525532176695,0.0402362495385751
44,"Youden",-0.07817869415,0.858247423,2,FALSE,0.696911529469669,0.680669373692629,0.0162421557770395
44,"Distance",-1.4742268041,1.47895189,1,FALSE,0.669988925802879,0.675279931093885,-0.00529100529100535
45,"Youden",-1.220790378,2.681701031,1,FALSE,0.696788482834995,0.650227636274148,0.0465608465608466
45,"Distance",-1.220790378,2.681701031,1,FALSE,0.696788482834995,0.650227636274148,0.0465608465608466
46,"Youden",-0.07817869415,0.6112542955,2,FALSE,0.689504122062262,0.681038513596653,0.00846560846560851
46,"Distance",-1.4742268041,2.058848797,1,FALSE,0.630490956072351,0.674910791189861,-0.0444198351175096
47,"Youden",-1.56872852235,2.829896907,1,FALSE,0.719675156884459,0.635388212132398,0.084286944752061
47,"Distance",-1.56872852235,2.829896907,1,FALSE,0.719675156884459,0.635388212132398,0.084286944752061
48,"Youden",-1.4742268041,0.806701031,1,FALSE,0.729961855543251,0.691522086870924,0.0384397686723268
48,"Distance",-1.4742268041,2.6323024055,1,FALSE,0.72885443583118,0.658668635412822,0.0701858004183585
49,"Youden",-0.01804123695,0.858247423,1,FALSE,0.695434969853574,0.672917435708133,0.0225175341454411
49,"Distance",-1.27448453605,0.858247423,1,FALSE,0.653057708871662,0.675673680324843,-0.0226159714531807
50,"Youden",-1.63101374575,2.675257732,1,FALSE,0.674147902054879,0.65901316598991,0.0151347360649685
50,"Distance",-1.63101374575,2.675257732,1,FALSE,0.674147902054879,0.65901316598991,0.0151347360649685
51,"Youden",-1.4742268041,1.219072165,1,FALSE,0.745859480743202,0.683401008982404,0.0624584717607973
51,"Distance",-1.4742268041,3.0382302405,1,FALSE,0.744013781223083,0.634674541651286,0.109339239571798
52,"Youden",-1.4742268041,2.056701031,1,FALSE,0.760625076904147,0.674910791189861,0.0857142857142857
52,"Distance",-1.4742268041,2.5206185565,1,FALSE,0.760255937000123,0.666789713301341,0.0934662236987819
53,"Youden",-0.84922680415,0.609106529,2,FALSE,0.751199704688077,0.682416635905008,0.0687830687830687
53,"Distance",-1.63101374575,2.058848797,1,FALSE,0.720068906115418,0.67525532176695,0.044813584348468
54,"Youden",-1.01030927835,2.058848797,1,FALSE,0.767294204503507,0.673532668881506,0.0937615356220007
54,"Distance",-1.01030927835,2.058848797,1,FALSE,0.767294204503507,0.673532668881506,0.0937615356220007
55,"Youden",-1.4742268041,0.1323024055,1,FALSE,0.677101021287068,0.66162175464501,0.0154792666420573
55,"Distance",-1.4742268041,0.609106529,1,FALSE,0.675993601574997,0.691891226774948,-0.0158976251999509
56,"Youden",-1.4656357388,-0.0824742268,1,FALSE,0.715590008613264,0.646487018580042,0.0691029900332225
56,"Distance",-1.4656357388,2.056701031,1,FALSE,0.713006029285099,0.667158853205365,0.0458471760797342
57,"Youden",-1.63101374575,0.806701031,1,FALSE,0.692949427833149,0.691866617448013,0.00108281038513591
57,"Distance",-1.63101374575,0.806701031,1,FALSE,0.692949427833149,0.691866617448013,0.00108281038513591
58,"Youden",-0.6387457045,1.219072165,1,FALSE,0.751470407284361,0.68874123292728,0.0627291743570813
58,"Distance",-0.6387457045,1.219072165,1,FALSE,0.751470407284361,0.68874123292728,0.0627291743570813
59,"Youden",-1.4656357388,0.858247423,1,FALSE,0.761338747385259,0.683770148886428,0.077568598498831
59,"Distance",-1.4656357388,0.858247423,1,FALSE,0.761338747385259,0.683770148886428,0.077568598498831
60,"Youden",-1.01030927835,0.806701031,1,FALSE,0.697945121200935,0.690143964562569,0.00780115663836589
60,"Distance",-1.57731958765,2.058848797,1,FALSE,0.690414667158853,0.667503383782454,0.0229112833763997
61,"Youden",-0.2328178694,0.806701031,1,FALSE,0.719453672942045,0.681013904269718,0.0384397686723269
61,"Distance",-1.63101374575,0.806701031,1,FALSE,0.670358065706903,0.691866617448013,-0.0215085517411099
62,"Youden",-1.01030927835,0.609106529,1,FALSE,0.698658791682047,0.690513104466593,0.00814568721545461
62,"Distance",-1.63101374575,2.058848797,1,FALSE,0.645650301464255,0.67525532176695,-0.0296050203026947
63,"Youden",-1.01030927835,2.058848797,1,FALSE,0.760280546327058,0.673532668881506,0.0867478774455519
63,"Distance",-1.4742268041,2.058848797,1,FALSE,0.753906730650917,0.674910791189861,0.0789959394610558
64,"Youden",-0.3316151203,0.606958763,1,FALSE,0.711332595053525,0.696886920142734,0.0144456749107912
64,"Distance",-1.01030927835,2.681701031,1,FALSE,0.658324104835733,0.657290513104467,0.00103359173126616
65,"Youden",-1.63101374575,0.806701031,1,FALSE,0.747237603051557,0.691866617448013,0.0553709856035437
65,"Distance",-1.63101374575,2.5206185565,1,FALSE,0.73025716746647,0.66713424387843,0.0631229235880398
66,"Youden",-0.07817869415,0.858247423,2,FALSE,0.689134982158238,0.680669373692629,0.00846560846560851
66,"Distance",-1.6825601375,1.219072165,1,FALSE,0.676707272056109,0.683745539559493,-0.00703826750338377
67,"Youden",-0.3316151203,0.858247423,1,FALSE,0.688765842254214,0.69651778023871,-0.00775193798449614
67,"Distance",-1.63101374575,1.691580756,1,FALSE,0.65374677002584,0.659751445797957,-0.00600467577211761
68,"Youden",-0.6387457045,0.806701031,1,FALSE,0.736384889873262,0.696862310815799,0.0395225790574628
68,"Distance",-1.63101374575,0.806701031,1,FALSE,0.717263442844838,0.691866617448013,0.0253968253968254
69,"Youden",-1.4742268041,0.858247423,1,FALSE,0.728559123907961,0.691522086870924,0.037037037037037
69,"Distance",-1.4742268041,1.219072165,1,FALSE,0.728189984003938,0.683401008982404,0.0447889750215332
70,"Youden",-1.63101374575,0.95919244,1,FALSE,0.700701365817645,0.675993601574997,0.024707764242648
70,"Distance",-1.63101374575,2.681701031,1,FALSE,0.683720930232558,0.65901316598991,0.0247077642426479
71,"Youden",-1.6825601375,1.47895189,1,FALSE,0.714039621016365,0.675624461670973,0.038415159345392
71,"Distance",-1.6825601375,1.47895189,1,FALSE,0.714039621016365,0.675624461670973,0.038415159345392
72,"Youden",-1.4742268041,2.058848797,1,FALSE,0.776104343546204,0.674910791189861,0.101193552356343
72,"Distance",-1.4742268041,2.058848797,1,FALSE,0.776104343546204,0.674910791189861,0.101193552356343
73,"Youden",-1.63101374575,2.681701031,1,FALSE,0.735179032853451,0.65901316598991,0.0761658668635412
73,"Distance",-1.63101374575,2.681701031,1,FALSE,0.735179032853451,0.65901316598991,0.0761658668635412
74,"Youden",-0.32946735395,2.681701031,1,FALSE,0.686920142734096,0.655912390796112,0.0310077519379846
74,"Distance",-0.32946735395,2.681701031,1,FALSE,0.686920142734096,0.655912390796112,0.0310077519379846
75,"Youden",-0.6967353952,1.219072165,2,FALSE,0.743767687953734,0.68874123292728,0.055026455026455
75,"Distance",-1.01030927835,2.058848797,1,FALSE,0.720438046019441,0.673532668881506,0.0469053771379353
76,"Youden",-0.32946735395,2.5206185565,1,FALSE,0.680251015134736,0.664033468684631,0.0162175464501046
76,"Distance",-1.3711340206,2.5206185565,1,FALSE,0.674910791189861,0.658693244739756,0.0162175464501046
77,"Youden",-0.3316151203,1.0622852235,1,FALSE,0.766678971330134,0.680644764365695,0.0860342069644394
77,"Distance",-1.4742268041,1.47895189,1,FALSE,0.723563430540175,0.675279931093885,0.0482834994462901
78,"Youden",-1.01030927835,0.858247423,1,FALSE,0.752208687092408,0.690143964562569,0.0620647225298387
78,"Distance",-1.69780927835,2.7246563575,1,FALSE,0.714753291497478,0.644198351175095,0.0705549403223822
79,"Youden",-1.63101374575,0.6112542955,1,FALSE,0.75427587055494,0.692235757352036,0.0620401132029038
79,"Distance",-1.63101374575,0.6112542955,1,FALSE,0.75427587055494,0.692235757352036,0.0620401132029038
80,"Youden",-0.64518900345,0.5597079035,1,FALSE,0.713793527747016,0.673975636766334,0.0398178909806817
80,"Distance",-3.03350515465,0.5597079035,1,FALSE,0.694672080718592,0.603691399040236,0.090980681678356
81,"Youden",-1.63101374575,0.858247423,1,FALSE,0.745834871416267,0.691866617448013,0.0539682539682539
81,"Distance",-2.36125429555,0.858247423,1,FALSE,0.732398178909807,0.648111234157746,0.0842869447520611
82,"Youden",-0.6967353952,2.5206185565,2,FALSE,0.679881875230712,0.672129937246216,0.00775193798449614
82,"Distance",-1.05970790375,2.5206185565,1,FALSE,0.673508059554571,0.665411590992986,0.00809646856158486
83,"Youden",-1.05970790375,0.6112542955,1,FALSE,0.713055247938969,0.690513104466593,0.0225421434723759
83,"Distance",-1.05970790375,2.058848797,1,FALSE,0.711578688322874,0.673532668881506,0.0380460194413682
84,"Youden",-0.6967353952,1.219072165,2,FALSE,0.735277470161191,0.68874123292728,0.0465362372339115
84,"Distance",-1.63101374575,1.219072165,1,FALSE,0.700307616586686,0.683745539559493,0.0165620770271934
85,"Youden",-1.4742268041,2.058848797,1,FALSE,0.738402854681924,0.674910791189861,0.0634920634920635
85,"Distance",-1.4742268041,2.058848797,1,FALSE,0.738402854681924,0.674910791189861,0.0634920634920635
86,"Youden",-1.68685567015,0.6112542955,1,FALSE,0.746179401993356,0.677420942537222,0.0687584594561339
86,"Distance",-1.68685567015,1.219072165,1,FALSE,0.745441122185308,0.668930724744678,0.0765103974406299
87,"Youden",-1.6825601375,1.47895189,1,FALSE,0.7369755137197,0.675624461670973,0.0613510520487265
87,"Distance",-1.6825601375,1.47895189,1,FALSE,0.7369755137197,0.675624461670973,0.0613510520487265
88,"Youden",-1.01030927835,1.219072165,1,FALSE,0.753636028054633,0.682022886674049,0.0716131413805833
88,"Distance",-1.63101374575,1.219072165,1,FALSE,0.740199335548173,0.683745539559493,0.0564537959886797
89,"Youden",-1.63101374575,0.6112542955,1,FALSE,0.793429309708379,0.692235757352036,0.101193552356343
89,"Distance",-1.63101374575,1.47895189,1,FALSE,0.792691029900332,0.675624461670973,0.117066568229359
90,"Youden",-0.07817869415,0.6112542955,2,FALSE,0.719822812846069,0.681038513596653,0.0387842992494155
90,"Distance",-1.4742268041,0.858247423,1,FALSE,0.707370493417005,0.691522086870924,0.0158484065460809
91,"Youden",-1.3711340206,0.858247423,1,FALSE,0.729961855543251,0.683425618309339,0.0465362372339116
91,"Distance",-1.63101374575,2.056701031,1,FALSE,0.714753291497478,0.67525532176695,0.0394979697305279
92,"Youden",-1.63101374575,0.806701031,1,FALSE,0.699643164759444,0.691866617448013,0.00777654731143107
92,"Distance",-1.63101374575,2.5206185565,1,FALSE,0.682662729174357,0.66713424387843,0.0155284852959272
93,"Youden",-0.69029209625,0.6112542955,2,FALSE,0.752208687092408,0.697231450719823,0.0549772363725851
93,"Distance",-1.220790378,0.6112542955,1,FALSE,0.723612649194045,0.683450227636274,0.0401624215577704
94,"Youden",-1.63101374575,0.6112542955,1,FALSE,0.730281776793405,0.692235757352036,0.0380460194413682
94,"Distance",-1.63101374575,0.6112542955,1,FALSE,0.730281776793405,0.692235757352036,0.0380460194413682
95,"Youden",-1.63101374575,0.858247423,1,FALSE,0.74509659160822,0.691866617448013,0.0532299741602067
95,"Distance",-1.63101374575,0.858247423,1,FALSE,0.74509659160822,0.691866617448013,0.0532299741602067
96,"Youden",-0.69029209625,2.681701031,2,FALSE,0.671071736188015,0.664008859357697,0.0070628768303187
96,"Distance",-1.56872852235,2.681701031,1,FALSE,0.658324104835733,0.651261228005414,0.0070628768303187
97,"Youden",-1.63101374575,0.759450172,1,FALSE,0.748246585455888,0.684114679463517,0.0641319059923711
97,"Distance",-1.63101374575,0.759450172,1,FALSE,0.748246585455888,0.684114679463517,0.0641319059923711
98,"Youden",-0.69029209625,2.056701031,2,FALSE,0.695041220622616,0.680251015134736,0.0147902054878799
98,"Distance",-1.63101374575,2.056701031,1,FALSE,0.674541651285837,0.67525532176695,-0.000713670481112372
99,"Youden",-0.07817869415,0.858247423,2,FALSE,0.727205610926541,0.680669373692629,0.0465362372339116
99,"Distance",-1.63101374575,0.858247423,1,FALSE,0.722554448135843,0.691866617448013,0.0306878306878307
100,"Youden",-1.220790378,2.5206185565,1,FALSE,0.73557278208441,0.658348714162668,0.0772240679217424
100,"Distance",-1.220790378,2.5206185565,1,FALSE,0.73557278208441,0.658348714162668,0.0772240679217424
101,"Youden",-0.6387457045,0.858247423,1,FALSE,0.743029408145687,0.696862310815799,0.046167097329888
101,"Distance",-1.4742268041,0.858247423,1,FALSE,0.730626307370493,0.691522086870924,0.0391042204995693
102,"Youden",-0.69029209625,0.6112542955,2,FALSE,0.682072105327919,0.697231450719823,-0.0151593453919036
102,"Distance",-0.69029209625,2.056701031,2,FALSE,0.680964685615848,0.680251015134736,0.000713670481112372
103,"Youden",-0.3316151203,0.858247423,1,FALSE,0.729322013042943,0.69651778023871,0.0328042328042328
103,"Distance",-1.3711340206,2.5206185565,1,FALSE,0.684090070136582,0.658693244739756,0.0253968253968254
104,"Youden",-0.6387457045,0.858247423,1,FALSE,0.743398548049711,0.696862310815799,0.0465362372339116
104,"Distance",-1.4742268041,0.858247423,1,FALSE,0.723243509290021,0.691522086870924,0.0317214224190968
105,"Youden",-0.3316151203,0.806701031,1,FALSE,0.680300233788606,0.69651778023871,-0.0162175464501045
105,"Distance",-1.63101374575,0.806701031,1,FALSE,0.653426848775686,0.691866617448013,-0.0384397686723268
106,"Youden",-1.220790378,-0.80627147765,4,FALSE,0.675796726959518,0.630663221360896,0.0451335055986218
106,"Distance",-1.98969072165,0.6112542955,1,FALSE,0.621705426356589,0.655543250892088,-0.033837824535499
107,"Youden",-0.07817869415,1.47895189,2,FALSE,0.712021656207703,0.66442721791559,0.0475944382921127
107,"Distance",-1.01030927835,2.056701031,1,FALSE,0.677027193306263,0.673532668881506,0.00349452442475695
108,"Youden",-1.01030927835,1.3737113405,1,FALSE,0.736335671219392,0.67390180878553,0.0624338624338624
108,"Distance",-1.4742268041,1.3737113405,1,FALSE,0.722898978712932,0.675279931093885,0.0476190476190476
109,"Youden",-0.3316151203,0.609106529,1,FALSE,0.774800049218654,0.696886920142734,0.0779131290759197
109,"Distance",-1.57731958765,2.7246563575,1,FALSE,0.759862187769164,0.651261228005414,0.10860095976375
110,"Youden",-0.6387457045,2.058848797,1,FALSE,0.758877814691768,0.680251015134736,0.0786267995570321
110,"Distance",-1.63101374575,2.058848797,1,FALSE,0.730970837947582,0.67525532176695,0.0557155161806324
111,"Youden",-1.4742268041,0.6112542955,1,FALSE,0.721176325827489,0.691891226774948,0.0292850990525408
111,"Distance",-1.4742268041,1.47895189,1,FALSE,0.712686108034945,0.675279931093885,0.0374061769410606
112,"Youden",-0.3316151203,3.0382302405,1,FALSE,0.702793158607112,0.639670235019072,0.0631229235880399
112,"Distance",-1.4742268041,3.0382302405,1,FALSE,0.697797465239326,0.634674541651286,0.0631229235880399
113,"Youden",-1.4742268041,1.47895189,1,FALSE,0.735941921988434,0.675279931093885,0.0606619908945489
113,"Distance",-1.6825601375,1.47895189,1,FALSE,0.729912636889381,0.675624461670973,0.0542881752184079
114,"Youden",-0.32946735395,1.219072165,1,FALSE,0.696862310815799,0.680644764365695,0.0162175464501045
114,"Distance",-1.63101374575,2.058848797,1,FALSE,0.661498708010336,0.67525532176695,-0.0137566137566137
115,"Youden",-1.63101374575,2.058848797,1,FALSE,0.777162544604405,0.67525532176695,0.101907222837455
115,"Distance",-1.63101374575,2.058848797,1,FALSE,0.777162544604405,0.67525532176695,0.101907222837455
116,"Youden",-1.27448453605,1.47895189,1,FALSE,0.769090685369755,0.659431524547804,0.109659160821951
116,"Distance",-1.27448453605,2.058848797,1,FALSE,0.760600467577212,0.65906238464378,0.101538082933432
117,"Youden",-0.6967353952,0.606958763,1,FALSE,0.744161437184693,0.697231450719823,0.0469299864648701
117,"Distance",-1.57731958765,1.47895189,1,FALSE,0.729641934293097,0.667872523686477,0.0617694106066199
118,"Youden",-0.6967353952,0.858247423,2,FALSE,0.73562200073828,0.696862310815799,0.0387596899224806
118,"Distance",-1.0554123711,1.219072165,1,FALSE,0.728534514581026,0.682022886674049,0.0465116279069768
119,"Youden",-0.3316151203,3.089776632,1,FALSE,0.686206472252984,0.639670235019072,0.0465362372339116
119,"Distance",-1.6825601375,3.089776632,1,FALSE,0.68052171773102,0.635019072228375,0.0455026455026455
120,"Youden",-0.69029209625,0.6112542955,2,FALSE,0.658102620893319,0.697231450719823,-0.0391288298265043
120,"Distance",-1.4656357388,2.211340206,1,FALSE,0.629457364341085,0.667158853205365,-0.0377014888642796
121,"Youden",-1.01030927835,0.858247423,1,FALSE,0.720487264673311,0.690143964562569,0.0303433001107419
121,"Distance",-1.63101374575,0.858247423,1,FALSE,0.700332225913621,0.691866617448013,0.0084656084656084
122,"Youden",-0.69029209625,0.858247423,2,FALSE,0.7437430786268,0.696862310815799,0.0468807678110004
122,"Distance",-1.63101374575,0.858247423,1,FALSE,0.708084163898117,0.691866617448013,0.0162175464501045
123,"Youden",-0.6387457045,2.5206185565,1,FALSE,0.782158237972192,0.672129937246216,0.110028300725975
123,"Distance",-1.4742268041,2.5206185565,1,FALSE,0.76906607604282,0.666789713301341,0.102276362741479
124,"Youden",-0.07817869415,1.219072165,2,FALSE,0.71942906361511,0.67254829580411,0.0468807678110004
124,"Distance",-1.4742268041,1.47895189,1,FALSE,0.714753291497478,0.675279931093885,0.0394733604035929
125,"Youden",-1.01030927835,0.606958763,1,FALSE,0.706016980435585,0.690513104466593,0.0155038759689923
125,"Distance",-1.01030927835,2.058848797,1,FALSE,0.704909560723514,0.673532668881506,0.0313768918420081
126,"Youden",-1.0554123711,2.058848797,1,FALSE,0.758164144210656,0.673532668881506,0.0846314753291497
126,"Distance",-1.63101374575,2.058848797,1,FALSE,0.752823920265781,0.67525532176695,0.077568598498831
127,"Youden",-1.57731958765,2.058848797,1,FALSE,0.721791559000861,0.667503383782454,0.0542881752184078
127,"Distance",-1.57731958765,2.058848797,1,FALSE,0.721791559000861,0.667503383782454,0.0542881752184078
128,"Youden",-0.32946735395,0.6112542955,1,FALSE,0.720487264673311,0.689134982158238,0.0313522825150732
128,"Distance",-1.57731958765,0.6112542955,1,FALSE,0.708773225052295,0.68448381936754,0.0242894056847545
129,"Youden",-0.6387457045,-0.0824742268,1,FALSE,0.705770887166236,0.659579180509413,0.0461917066568229
129,"Distance",-1.6825601375,0.858247423,1,FALSE,0.667897133013412,0.691866617448013,-0.0239694844346007
130,"Youden",-1.63101374575,0.6112542955,1,FALSE,0.761338747385259,0.692235757352036,0.0691029900332225
130,"Distance",-1.63101374575,0.6112542955,1,FALSE,0.761338747385259,0.692235757352036,0.0691029900332225
131,"Youden",-1.62457044675,0.6112542955,1,FALSE,0.701070505721669,0.692235757352036,0.00883474836963205
131,"Distance",-1.62457044675,1.219072165,1,FALSE,0.684828349944629,0.683745539559493,0.00108281038513602
132,"Youden",-1.63101374575,0.858247423,1,FALSE,0.762027808539436,0.691866617448013,0.0701611910914236
132,"Distance",-1.63101374575,0.858247423,1,FALSE,0.762027808539436,0.691866617448013,0.0701611910914236
133,"Youden",-0.53350515465,-0.0824742268,1,FALSE,0.689922480620155,0.651827242524917,0.0380952380952381
133,"Distance",-1.57731958765,0.858247423,1,FALSE,0.666863541282146,0.684114679463517,-0.0172511381813707
134,"Youden",-1.6825601375,-0.0824742268,1,FALSE,0.669398301956441,0.654583487141627,0.0148148148148148
134,"Distance",-1.98969072165,0.858247423,1,FALSE,0.604724990771502,0.655174110988064,-0.0504491202165621
135,"Youden",-1.01030927835,2.681701031,1,FALSE,0.765891472868217,0.657290513104467,0.10860095976375
135,"Distance",-1.63101374575,2.681701031,1,FALSE,0.760206718346253,0.65901316598991,0.101193552356343
136,"Youden",-1.4742268041,1.0622852235,1,FALSE,0.684114679463517,0.675649070997908,0.00846560846560851
136,"Distance",-1.4742268041,1.0622852235,1,FALSE,0.684114679463517,0.675649070997908,0.00846560846560851
137,"Youden",-1.56872852235,0.6112542955,1,FALSE,0.708108773225052,0.68448381936754,0.023624953857512
137,"Distance",-2.3097079038,0.858247423,1,FALSE,0.701710348221976,0.648111234157746,0.0535991140642305
138,"Youden",-1.57731958765,0.6112542955,1,FALSE,0.691891226774948,0.68448381936754,0.00740740740740742
138,"Distance",-1.57731958765,0.6112542955,1,FALSE,0.691891226774948,0.68448381936754,0.00740740740740742
139,"Youden",-0.64518900345,0.4909793815,2,FALSE,0.706066199089455,0.666223698781838,0.0398425003076166
139,"Distance",-1.63101374575,2.681701031,1,FALSE,0.653402239448751,0.65901316598991,-0.00561092654115913
140,"Youden",-0.6387457045,0.6112542955,1,FALSE,0.752577826996432,0.697231450719823,0.0553463762766088
140,"Distance",-2.36125429555,0.858247423,1,FALSE,0.740150116894303,0.648111234157746,0.0920388827365571
141,"Youden",-0.3316151203,0.6112542955,1,FALSE,0.696542389565645,0.696886920142734,-0.00034453057708872
141,"Distance",-1.63101374575,2.058848797,1,FALSE,0.63890734588409,0.67525532176695,-0.0363479758828597
142,"Youden",-1.4742268041,0.806701031,1,FALSE,0.721840777654731,0.691522086870924,0.030318690783807
142,"Distance",-1.4742268041,0.806701031,1,FALSE,0.721840777654731,0.691522086870924,0.030318690783807
143,"Youden",-1.63101374575,0.858247423,1,FALSE,0.745465731512243,0.691866617448013,0.0535991140642303
143,"Distance",-1.63101374575,0.858247423,1,FALSE,0.745465731512243,0.691866617448013,0.0535991140642303
144,"Youden",-1.63101374575,0.6112542955,1,FALSE,0.761363356712194,0.692235757352036,0.0691275993601574
144,"Distance",-2.8251718213,0.6112542955,1,FALSE,0.748615725359911,0.634010089824043,0.114605635535868
145,"Youden",-0.6387457045,2.7246563575,1,FALSE,0.703186907838071,0.664008859357697,0.039178048480374
145,"Distance",-1.57731958765,2.7246563575,1,FALSE,0.698191214470284,0.651261228005414,0.0469299864648701
146,"Youden",-1.4742268041,2.056701031,1,FALSE,0.728140765350068,0.674910791189861,0.0532299741602067
146,"Distance",-1.4742268041,2.056701031,1,FALSE,0.728140765350068,0.674910791189861,0.0532299741602067
147,"Youden",-0.07817869415,2.681701031,2,FALSE,0.727181001599606,0.647815922234527,0.0793650793650793
147,"Distance",-1.63101374575,3.24871134,1,FALSE,0.70062753783684,0.619146056355359,0.0814814814814815
148,"Youden",-1.63101374575,-0.12757731955,2,FALSE,0.685591239079611,0.654583487141627,0.0310077519379846
148,"Distance",-1.63101374575,2.058848797,1,FALSE,0.667872523686477,0.67525532176695,-0.00738279808047249
149,"Youden",-0.6967353952,1.219072165,2,FALSE,0.703186907838071,0.68874123292728,0.0144456749107911
149,"Distance",-1.63101374575,1.219072165,1,FALSE,0.690094745908699,0.683745539559493,0.00634920634920633
150,"Youden",-0.69029209625,0.858247423,2,FALSE,0.672868217054264,0.696862310815799,-0.0239940937615356
150,"Distance",-1.63101374575,0.858247423,1,FALSE,0.668217054263566,0.691866617448013,-0.023649563184447
151,"Youden",-1.05970790375,0.6112542955,1,FALSE,0.752208687092408,0.690513104466593,0.0616955826258151
151,"Distance",-1.63101374575,0.858247423,1,FALSE,0.722874369385997,0.691866617448013,0.0310077519379844
152,"Youden",-1.63101374575,2.058848797,1,FALSE,0.777162544604405,0.67525532176695,0.101907222837455
152,"Distance",-1.63101374575,2.058848797,1,FALSE,0.777162544604405,0.67525532176695,0.101907222837455
153,"Youden",-1.01030927835,0.606958763,1,FALSE,0.713424387842992,0.690513104466593,0.0229112833763996
153,"Distance",-1.4742268041,0.858247423,1,FALSE,0.698929494278332,0.691522086870924,0.00740740740740742
154,"Youden",-1.57731958765,2.058848797,1,FALSE,0.744727451704196,0.667503383782454,0.0772240679217423
154,"Distance",-1.57731958765,2.058848797,1,FALSE,0.744727451704196,0.667503383782454,0.0772240679217423
155,"Youden",-1.57731958765,-0.12757731955,2,FALSE,0.670456503014643,0.64683154915713,0.0236249538575121
155,"Distance",-1.57731958765,1.0107388315,1,FALSE,0.637233911652516,0.668241663590501,-0.0310077519379844
156,"Youden",-0.69029209625,1.47895189,2,FALSE,0.751864156515319,0.68062015503876,0.0712440014765595
156,"Distance",-1.63101374575,1.47895189,1,FALSE,0.747212993724622,0.675624461670973,0.0715885320536483
157,"Youden",-0.3316151203,0.6112542955,1,FALSE,0.727894672080719,0.696886920142734,0.0310077519379846
157,"Distance",-1.63101374575,0.6112542955,1,FALSE,0.700332225913621,0.692235757352036,0.00809646856158475
158,"Youden",-0.69029209625,1.47895189,2,FALSE,0.71937984496124,0.68062015503876,0.0387596899224806
158,"Distance",-1.63101374575,1.47895189,1,FALSE,0.699569336778639,0.675624461670973,0.0239448751076659
159,"Youden",-0.69029209625,1.219072165,2,FALSE,0.726811861695583,0.68874123292728,0.0380706287683031
159,"Distance",-1.63101374575,1.219072165,1,FALSE,0.722160698904885,0.683745539559493,0.038415159345392
160,"Youden",-1.57731958765,0.806701031,1,FALSE,0.783585578934416,0.684114679463517,0.0994708994708995
160,"Distance",-1.57731958765,1.219072165,1,FALSE,0.775464501045896,0.675993601574997,0.0994708994708995
161,"Youden",-1.3711340206,0.858247423,1,FALSE,0.676707272056109,0.683425618309339,-0.00671834625322998
161,"Distance",-1.98969072165,0.858247423,1,FALSE,0.670677986957057,0.655174110988064,0.0155038759689923
162,"Youden",-1.63101374575,0.1323024055,1,FALSE,0.707099790820721,0.661966285222099,0.0451335055986218
162,"Distance",-1.63101374575,1.47895189,1,FALSE,0.681998277347114,0.675624461670973,0.00637381567614126
163,"Youden",-0.707474226833333,-0.673109965666667,1,TRUE,0.644444444444444,0.644444444444444,0
163,"Distance",-1.57731958765,2.5206185565,1,FALSE,0.620622615971453,0.659382305893934,-0.0387596899224806
164,"Youden",-0.2328178694,3.24871134,1,FALSE,0.678774455518642,0.608293343177064,0.0704811123415775
164,"Distance",-1.57731958765,2.058848797,1,FALSE,0.635781961363357,0.667503383782454,-0.0317214224190968
165,"Youden",-1.01030927835,0.1323024055,1,FALSE,0.684213116771256,0.660243632336656,0.0239694844346007
165,"Distance",-2.3097079038,0.6112542955,1,FALSE,0.663984250030762,0.648480374061769,0.0155038759689923
166,"Youden",-0.69029209625,0.858247423,2,FALSE,0.751495016611296,0.696862310815799,0.0546327057954965
166,"Distance",-1.4742268041,0.858247423,1,FALSE,0.730995447274517,0.691522086870924,0.0394733604035929
167,"Youden",-0.3316151203,0.6112542955,1,FALSE,0.711677125630614,0.696886920142734,0.0147902054878799
167,"Distance",-1.63101374575,0.858247423,1,FALSE,0.653033099544727,0.691866617448013,-0.0388335179032854
168,"Youden",-0.6387457045,0.806701031,1,FALSE,0.727205610926541,0.696862310815799,0.0303433001107419
168,"Distance",-1.63101374575,0.806701031,1,FALSE,0.722554448135843,0.691866617448013,0.0306878306878307
169,"Youden",-1.4742268041,0.606958763,1,FALSE,0.729641934293097,0.691891226774948,0.0377507075181494
169,"Distance",-1.4742268041,2.8792955325,1,FALSE,0.720044296788483,0.642795619539806,0.0772486772486772
170,"Youden",-1.01030927835,1.219072165,1,FALSE,0.689061154177433,0.682022886674049,0.00703826750338377
170,"Distance",-1.01030927835,1.219072165,1,FALSE,0.689061154177433,0.682022886674049,0.00703826750338377
171,"Youden",-0.6967353952,2.5206185565,2,FALSE,0.765522332964193,0.672129937246216,0.0933923957179772
171,"Distance",-0.6967353952,2.5206185565,2,FALSE,0.765522332964193,0.672129937246216,0.0933923957179772
172,"Youden",-1.63101374575,0.1323024055,1,FALSE,0.740543866125261,0.661966285222099,0.0785775809031622
172,"Distance",-1.63101374575,0.6112542955,1,FALSE,0.739805586317214,0.692235757352036,0.0475698289651778
173,"Youden",-1.01030927835,1.3737113405,1,FALSE,0.791337516918912,0.67390180878553,0.117435708133383
173,"Distance",-1.220790378,1.3737113405,1,FALSE,0.784274640088594,0.666838931955211,0.117435708133383
174,"Youden",-0.07817869415,1.47895189,2,FALSE,0.664771748492679,0.66442721791559,0.00034453057708872
174,"Distance",-1.4742268041,2.5206185565,1,FALSE,0.65094130675526,0.666789713301341,-0.0158484065460809
175,"Youden",-1.63101374575,0.609106529,1,FALSE,0.732102866986588,0.692235757352036,0.0398671096345514
175,"Distance",-1.63101374575,0.858247423,1,FALSE,0.699987695336532,0.691866617448013,0.00812107788851968
176,"Youden",-0.6967353952,0.858247423,2,FALSE,0.68874123292728,0.696862310815799,-0.00812107788851968
176,"Distance",-1.57731958765,0.858247423,1,FALSE,0.683056478405316,0.684114679463517,-0.00105820105820109
177,"Youden",-1.01030927835,2.056701031,1,FALSE,0.768057093638489,0.673532668881506,0.0945244247569829
177,"Distance",-1.01030927835,2.5206185565,1,FALSE,0.759936015749969,0.665411590992986,0.094524424756983
178,"Youden",-1.63101374575,0.609106529,1,FALSE,0.722948197366802,0.692235757352036,0.0307124400147656
178,"Distance",-1.98969072165,0.858247423,1,FALSE,0.684459210040605,0.655174110988064,0.029285099052541
179,"Youden",-0.69029209625,2.058848797,2,FALSE,0.743718469299865,0.680251015134736,0.0634674541651286
179,"Distance",-1.4742268041,2.6323024055,1,FALSE,0.737664574873877,0.658668635412822,0.0789959394610557
180,"Youden",-0.32946735395,0.606958763,1,FALSE,0.666937369262951,0.689134982158238,-0.0221976128952873
180,"Distance",-1.98969072165,1.47895189,1,FALSE,0.654460440506952,0.638931955211025,0.0155284852959272
181,"Youden",-1.6825601375,0.1323024055,1,FALSE,0.701095115048603,0.661966285222099,0.0391288298265041
181,"Distance",-1.6825601375,1.47895189,1,FALSE,0.683745539559493,0.675624461670973,0.00812107788851979
182,"Youden",-1.4656357388,0.1323024055,1,FALSE,0.716254460440507,0.653869816660514,0.0623846437799926
182,"Distance",-1.4656357388,1.219072165,1,FALSE,0.714408760920389,0.675649070997908,0.0387596899224807
183,"Youden",-1.63101374575,-0.12757731955,2,FALSE,0.654214347237603,0.654583487141627,-0.000369139904023541
183,"Distance",-1.63101374575,0.6112542955,1,FALSE,0.652737787621509,0.692235757352036,-0.0394979697305279
184,"Youden",-0.3316151203,1.118127148,1,FALSE,0.649956933677864,0.688396702350191,-0.0384397686723268
184,"Distance",-2.87671821305,1.118127148,1,FALSE,0.64031007751938,0.6255198720315,0.0147902054878799
185,"Youden",-1.4742268041,1.0622852235,1,FALSE,0.738058324104836,0.675649070997908,0.0624092531069276
185,"Distance",-1.4742268041,1.0622852235,1,FALSE,0.738058324104836,0.675649070997908,0.0624092531069276
186,"Youden",-1.01030927835,0.609106529,1,FALSE,0.665485418973791,0.690513104466593,-0.0250276854928018
186,"Distance",-1.57731958765,0.609106529,1,FALSE,0.645330380214101,0.68448381936754,-0.0391534391534392
187,"Youden",-0.07817869415,0.6112542955,2,FALSE,0.680324843115541,0.681038513596653,-0.000713670481112372
187,"Distance",-1.63101374575,2.211340206,1,FALSE,0.652663959640704,0.67525532176695,-0.0225913621262459
188,"Youden",-2.36125429555,0.5597079035,1,FALSE,0.741208317952504,0.625224560108281,0.115983757844223
188,"Distance",-2.36125429555,0.858247423,1,FALSE,0.732718100159961,0.648111234157746,0.0846068660022149
189,"Youden",-0.07817869415,0.6112542955,2,FALSE,0.727205610926541,0.681038513596653,0.046167097329888
189,"Distance",-0.2328178694,2.211340206,1,FALSE,0.710914236495632,0.664402608588655,0.0465116279069767
190,"Youden",-0.6387457045,2.5206185565,1,FALSE,0.773692629506583,0.672129937246216,0.101562692260367
190,"Distance",-1.4656357388,2.5206185565,1,FALSE,0.746130183339486,0.659037775316845,0.0870924080226406
191,"Youden",-0.2328178694,0.858247423,1,FALSE,0.720487264673311,0.681013904269718,0.0394733604035929
191,"Distance",-1.63101374575,0.858247423,1,FALSE,0.692580287929125,0.691866617448013,0.000713670481112261
192,"Youden",-0.69029209625,0.1323024055,2,FALSE,0.697994339854805,0.666961978589886,0.0310323612649194
192,"Distance",-1.63101374575,0.858247423,1,FALSE,0.639325704441984,0.691866617448013,-0.0525409130060293
193,"Youden",-1.3711340206,0.858247423,1,FALSE,0.791657438169066,0.683425618309339,0.108231819859727
193,"Distance",-1.63101374575,0.858247423,1,FALSE,0.784939091915836,0.691866617448013,0.0930724744678233
194,"Youden",-1.4742268041,2.211340206,1,FALSE,0.821951519625938,0.674910791189861,0.147040728436077
194,"Distance",-1.4742268041,2.211340206,1,FALSE,0.821951519625938,0.674910791189861,0.147040728436077
195,"Youden",-0.535652921,2.058848797,1,FALSE,0.782133628645257,0.67249907715024,0.109634551495017
195,"Distance",-0.535652921,2.058848797,1,FALSE,0.782133628645257,0.67249907715024,0.109634551495017
196,"Youden",-1.0060137457,3.0382302405,1,FALSE,0.742955580164883,0.633296419342931,0.109659160821952
196,"Distance",-1.0060137457,3.0382302405,1,FALSE,0.742955580164883,0.633296419342931,0.109659160821952
197,"Youden",-1.4742268041,1.47895189,1,FALSE,0.695730281776793,0.675279931093885,0.0204503506829088
197,"Distance",-1.4742268041,1.47895189,1,FALSE,0.695730281776793,0.675279931093885,0.0204503506829088
198,"Youden",-1.4656357388,0.1902920965,1,FALSE,0.698708010335917,0.637996800787498,0.0607112095484189
198,"Distance",-1.4656357388,2.056701031,1,FALSE,0.679512735326689,0.667158853205365,0.012353882121324
199,"Youden",-0.69029209625,2.681701031,2,FALSE,0.734563799680079,0.664008859357697,0.0705549403223822
199,"Distance",-1.4656357388,2.681701031,1,FALSE,0.729568106312292,0.650916697428325,0.078651408883967
200,"Youden",-0.3316151203,-0.12757731955,2,FALSE,0.68989787129322,0.659234649932324,0.0306632213608957
200,"Distance",-1.4742268041,1.0622852235,1,FALSE,0.628719084533038,0.675649070997908,-0.0469299864648701
201,"Youden",-1.4742268041,-0.0824742268,1,FALSE,0.721545465731512,0.654238956564538,0.0673065091669743
201,"Distance",-1.4742268041,0.6112542955,1,FALSE,0.68869201427341,0.691891226774948,-0.0031992125015381
202,"Youden",-0.3316151203,0.609106529,1,FALSE,0.751544235265165,0.696886920142734,0.0546573151224313
202,"Distance",-1.63101374575,1.219072165,1,FALSE,0.723932570444198,0.683745539559493,0.0401870308847053
203,"Youden",-1.01030927835,2.058848797,1,FALSE,0.760255937000123,0.673532668881506,0.086723268118617
203,"Distance",-1.01030927835,2.058848797,1,FALSE,0.760255937000123,0.673532668881506,0.086723268118617
204,"Youden",-0.32946735395,0.6112542955,1,FALSE,0.68984865263935,0.689134982158238,0.000713670481112372
204,"Distance",-1.63101374575,2.058848797,1,FALSE,0.653057708871662,0.67525532176695,-0.0221976128952873
205,"Youden",-1.63101374575,2.056701031,1,FALSE,0.72218530823182,0.67525532176695,0.0469299864648701
205,"Distance",-1.63101374575,2.056701031,1,FALSE,0.72218530823182,0.67525532176695,0.0469299864648701
206,"Youden",-0.3316151203,0.9634879725,1,FALSE,0.728239202657807,0.680644764365695,0.0475944382921126
206,"Distance",-1.4656357388,0.9634879725,1,FALSE,0.708428694475206,0.667897133013412,0.0405315614617939
207,"Youden",-0.6967353952,0.806701031,2,FALSE,0.695434969853574,0.696862310815799,-0.00142734096222474
207,"Distance",-1.4742268041,0.806701031,1,FALSE,0.690783807062877,0.691522086870924,-0.000738279808047304
208,"Youden",-1.01030927835,1.47895189,1,FALSE,0.713399778516058,0.67390180878553,0.0394979697305279
208,"Distance",-1.63101374575,1.47895189,1,FALSE,0.707370493417005,0.675624461670973,0.0317460317460317
209,"Youden",-1.3711340206,0.6112542955,1,FALSE,0.839276485788114,0.683794758213363,0.155481727574751
209,"Distance",-1.3711340206,0.858247423,1,FALSE,0.831155407899594,0.683425618309339,0.147729789590255
210,"Youden",-1.4742268041,0.6112542955,1,FALSE,0.762052417866371,0.691891226774948,0.0701611910914236
210,"Distance",-1.4742268041,2.681701031,1,FALSE,0.753193060169804,0.658668635412822,0.0945244247569829
211,"Youden",-0.64518900345,0.609106529,1,FALSE,0.720807185923465,0.697231450719823,0.0235757352036421
211,"Distance",-1.4742268041,0.609106529,1,FALSE,0.707025962839916,0.691891226774948,0.0151347360649686
212,"Youden",-1.63101374575,2.5206185565,1,FALSE,0.697846683893195,0.66713424387843,0.0307124400147656
212,"Distance",-1.63101374575,2.7246563575,1,FALSE,0.697477543989172,0.65901316598991,0.0384643779992617
213,"Youden",-1.4656357388,0.858247423,1,FALSE,0.737049341700504,0.683770148886428,0.0532791928140764
213,"Distance",-1.4656357388,2.058848797,1,FALSE,0.704565030146425,0.667158853205365,0.0374061769410606
214,"Youden",-1.4742268041,0.6112542955,1,FALSE,0.738082933431771,0.691891226774948,0.0461917066568228
214,"Distance",-1.4742268041,1.219072165,1,FALSE,0.737344653623723,0.683401008982404,0.0539436446413191
215,"Youden",-0.6967353952,0.858247423,2,FALSE,0.720487264673311,0.696862310815799,0.023624953857512
215,"Distance",-1.63101374575,0.858247423,1,FALSE,0.700332225913621,0.691866617448013,0.0084656084656084
216,"Youden",-1.4656357388,1.219072165,1,FALSE,0.752873138919651,0.675649070997908,0.0772240679217424
216,"Distance",-1.4656357388,2.058848797,1,FALSE,0.744382921127107,0.667158853205365,0.0772240679217423
217,"Youden",-0.3316151203,0.609106529,1,FALSE,0.719084533038021,0.696886920142734,0.0221976128952872
217,"Distance",-1.05970790375,0.609106529,1,FALSE,0.705647840531561,0.690513104466593,0.0151347360649686
218,"Youden",-0.69029209625,1.47895189,2,FALSE,0.695434969853574,0.68062015503876,0.0148148148148147
218,"Distance",-1.0060137457,1.47895189,1,FALSE,0.689061154177433,0.67390180878553,0.0151593453919034
219,"Youden",-1.4742268041,1.219072165,1,FALSE,0.761683277962348,0.683401008982404,0.0782822689799434
219,"Distance",-1.4742268041,1.219072165,1,FALSE,0.761683277962348,0.683401008982404,0.0782822689799434
220,"Youden",-0.6967353952,0.1323024055,2,FALSE,0.70609080841639,0.666961978589886,0.0391288298265042
220,"Distance",-1.4742268041,1.47895189,1,FALSE,0.690783807062877,0.675279931093885,0.0155038759689922
221,"Youden",-0.3316151203,2.5206185565,1,FALSE,0.711627906976744,0.671785406669128,0.0398425003076166
221,"Distance",-1.63101374575,2.5206185565,1,FALSE,0.706287683031869,0.66713424387843,0.0391534391534392
222,"Youden",-1.63101374575,0.6112542955,1,FALSE,0.751445797957426,0.692235757352036,0.0592100406053894
222,"Distance",-1.63101374575,0.6112542955,1,FALSE,0.751445797957426,0.692235757352036,0.0592100406053894
223,"Youden",-0.69029209625,0.6112542955,2,FALSE,0.688027562446167,0.697231450719823,-0.0092038882736557
223,"Distance",-1.01030927835,0.6112542955,1,FALSE,0.674246339362618,0.690513104466593,-0.0162667651039744
224,"Youden",-1.0554123711,0.6112542955,1,FALSE,0.635855789344161,0.690513104466593,-0.0546573151224314
224,"Distance",-1.63101374575,0.6112542955,1,FALSE,0.629826504245109,0.692235757352036,-0.0624092531069276
225,"Youden",-1.63101374575,1.216924399,1,FALSE,0.713719699766211,0.683745539559493,0.0299741602067184
225,"Distance",-1.63101374575,1.216924399,1,FALSE,0.713719699766211,0.683745539559493,0.0299741602067184
226,"Youden",-0.64518900345,2.3659793815,1,FALSE,0.774037160083672,0.66437799926172,0.109659160821952
226,"Distance",-1.63101374575,2.3659793815,1,FALSE,0.746474713916574,0.659382305893934,0.0870924080226406
227,"Youden",-1.3711340206,0.609106529,1,FALSE,0.706681432262828,0.683794758213363,0.0228866740494648
227,"Distance",-1.56872852235,0.609106529,1,FALSE,0.699618555432509,0.68448381936754,0.0151347360649686
228,"Youden",-1.63101374575,1.47895189,1,FALSE,0.722209917558755,0.675624461670973,0.0465854558877815
228,"Distance",-1.63101374575,2.5206185565,1,FALSE,0.713719699766211,0.66713424387843,0.0465854558877815
229,"Youden",-0.69029209625,0.858247423,2,FALSE,0.680275624461671,0.696862310815799,-0.0165866863541282
229,"Distance",-1.57731958765,0.858247423,1,FALSE,0.667527993109388,0.684114679463517,-0.0165866863541282
230,"Youden",-1.01030927835,0.6112542955,1,FALSE,0.711997046880768,0.690513104466593,0.021483942414175
230,"Distance",-1.220790378,0.806701031,1,FALSE,0.697502153316107,0.683081087732251,0.0144210655838563
231,"Youden",-0.07817869415,0.6112542955,2,FALSE,0.704663467454165,0.681038513596653,0.023624953857512
231,"Distance",-1.3711340206,0.6112542955,1,FALSE,0.701045896394734,0.683794758213363,0.0172511381813707
232,"Youden",-1.4656357388,0.609106529,1,FALSE,0.743718469299865,0.684139288790452,0.059579180509413
232,"Distance",-1.4656357388,2.058848797,1,FALSE,0.74224190968377,0.667158853205365,0.0750830564784053
233,"Youden",-1.4656357388,2.5206185565,1,FALSE,0.792715639227267,0.659037775316845,0.133677863910422
233,"Distance",-1.4656357388,2.5206185565,1,FALSE,0.792715639227267,0.659037775316845,0.133677863910422
234,"Youden",-0.69029209625,0.609106529,2,FALSE,0.721225544481358,0.697231450719823,0.0239940937615356
234,"Distance",-1.3711340206,0.806701031,1,FALSE,0.691915836101883,0.683425618309339,0.00849021779254344
235,"Youden",-1.4742268041,0.6112542955,1,FALSE,0.729592715639227,0.691891226774948,0.0377014888642795
235,"Distance",-1.4742268041,0.6112542955,1,FALSE,0.729592715639227,0.691891226774948,0.0377014888642795
236,"Youden",-0.69029209625,0.1323024055,2,FALSE,0.713842746400886,0.666961978589886,0.0468807678110004
236,"Distance",-1.63101374575,0.6112542955,1,FALSE,0.667897133013412,0.692235757352036,-0.0243386243386243
237,"Youden",-0.07817869415,0.6112542955,2,FALSE,0.69656699889258,0.681038513596653,0.0155284852959271
237,"Distance",-1.63101374575,0.6112542955,1,FALSE,0.66297526762643,0.692235757352036,-0.029260489725606
238,"Youden",-0.69029209625,2.5206185565,2,FALSE,0.74229112833764,0.672129937246216,0.0701611910914237
238,"Distance",-1.63101374575,2.5206185565,1,FALSE,0.707321274763135,0.66713424387843,0.0401870308847053
239,"Youden",-0.6967353952,1.3737113405,2,FALSE,0.78255198720315,0.68062015503876,0.10193183216439
239,"Distance",-1.57731958765,2.211340206,1,FALSE,0.746154792666421,0.667503383782454,0.078651408883967
240,"Youden",-0.6967353952,0.6112542955,2,FALSE,0.783610188261351,0.697231450719823,0.0863787375415282
240,"Distance",-1.57731958765,0.858247423,1,FALSE,0.76239694844346,0.684114679463517,0.0782822689799434
241,"Youden",-1.4742268041,2.5206185565,1,FALSE,0.7838562815307,0.666789713301341,0.117066568229359
241,"Distance",-1.4742268041,2.5206185565,1,FALSE,0.7838562815307,0.666789713301341,0.117066568229359
242,"Youden",-0.32946735395,2.058848797,1,FALSE,0.679931093884582,0.672154546573151,0.00777654731143096
242,"Distance",-1.63101374575,2.058848797,1,FALSE,0.675279931093885,0.67525532176695,2.46093269349323e-05
243,"Youden",-0.3316151203,0.6112542955,1,FALSE,0.712366186784791,0.696886920142734,0.0154792666420573
243,"Distance",-1.63101374575,0.6112542955,1,FALSE,0.699618555432509,0.692235757352036,0.00738279808047249
244,"Youden",-0.69029209625,2.058848797,2,FALSE,0.713030638612034,0.680251015134736,0.0327796234772979
244,"Distance",-1.05970790375,2.058848797,1,FALSE,0.706312292358804,0.673532668881506,0.0327796234772979
245,"Youden",-0.2328178694,0.609106529,1,FALSE,0.641860465116279,0.681383044173742,-0.0395225790574628
245,"Distance",-1.4742268041,2.058848797,1,FALSE,0.620598006644518,0.674910791189861,-0.0543127845453427
246,"Youden",-1.63101374575,2.5206185565,1,FALSE,0.76906607604282,0.66713424387843,0.10193183216439
246,"Distance",-1.63101374575,2.5206185565,1,FALSE,0.76906607604282,0.66713424387843,0.10193183216439
247,"Youden",-1.01030927835,0.6112542955,1,FALSE,0.736384889873262,0.690513104466593,0.0458717854066691
247,"Distance",-1.4742268041,2.5206185565,1,FALSE,0.697133013412083,0.666789713301341,0.030343300110742
248,"Youden",-1.0060137457,2.056701031,1,FALSE,0.727476313522825,0.673532668881506,0.0539436446413191
248,"Distance",-1.6825601375,2.056701031,1,FALSE,0.722825150732127,0.67525532176695,0.0475698289651778
249,"Youden",-0.64518900345,1.3737113405,1,FALSE,0.721200935154424,0.68062015503876,0.0405807801156638
249,"Distance",-1.57731958765,2.058848797,1,FALSE,0.716525163036791,0.667503383782454,0.0490217792543374
250,"Youden",-0.69029209625,0.6112542955,2,FALSE,0.695459579180509,0.697231450719823,-0.00177187153931346
250,"Distance",-1.63101374575,0.806701031,1,FALSE,0.674590869939707,0.691866617448013,-0.0172757475083057
251,"Youden",-1.220790378,0.858247423,1,FALSE,0.720807185923465,0.683081087732251,0.0377260981912144
251,"Distance",-1.4656357388,0.858247423,1,FALSE,0.713744309093146,0.683770148886428,0.0299741602067183
252,"Youden",-1.63101374575,2.6323024055,1,FALSE,0.696050203026947,0.65901316598991,0.037037037037037
252,"Distance",-1.63101374575,2.6323024055,1,FALSE,0.696050203026947,0.65901316598991,0.037037037037037
253,"Youden",-1.56872852235,3.0382302405,1,FALSE,0.720019687461548,0.627267134243878,0.0927525532176694
253,"Distance",-1.56872852235,3.0382302405,1,FALSE,0.720019687461548,0.627267134243878,0.0927525532176694
254,"Youden",-0.3316151203,0.609106529,1,FALSE,0.736015749969238,0.696886920142734,0.0391288298265042
254,"Distance",-1.01030927835,2.6323024055,1,FALSE,0.713695090439276,0.657290513104467,0.0564045773348099
255,"Youden",-1.6825601375,0.606958763,1,FALSE,0.716574381690661,0.692235757352036,0.0243386243386243
255,"Distance",-1.6825601375,0.606958763,1,FALSE,0.716574381690661,0.692235757352036,0.0243386243386243
256,"Youden",-0.6387457045,0.6112542955,1,FALSE,0.721594684385382,0.697231450719823,0.0243632336655591
256,"Distance",-1.6825601375,2.681701031,1,FALSE,0.644592100406054,0.65901316598991,-0.0144210655838564
257,"Youden",-1.63101374575,0.6112542955,1,FALSE,0.73702473237357,0.692235757352036,0.0447889750215331
257,"Distance",-1.63101374575,0.858247423,1,FALSE,0.736655592469546,0.691866617448013,0.0447889750215331
258,"Youden",-0.3316151203,-0.1812714777,1,FALSE,0.658890119355236,0.651482711947828,0.00740740740740731
258,"Distance",-1.63101374575,1.47895189,1,FALSE,0.597711332595053,0.675624461670973,-0.0779131290759197
259,"Youden",-1.3711340206,0.759450172,1,FALSE,0.768081702965424,0.675673680324843,0.0924080226405808
259,"Distance",-1.4656357388,0.759450172,1,FALSE,0.761018826135105,0.676018210901932,0.0850006152331734
260,"Youden",-0.3316151203,0.759450172,1,FALSE,0.705327919281408,0.688765842254214,0.0165620770271934
260,"Distance",-1.4742268041,0.759450172,1,FALSE,0.699987695336532,0.683770148886428,0.0162175464501045
261,"Youden",-0.2328178694,0.858247423,1,FALSE,0.688052171773102,0.681013904269718,0.00703826750338377
261,"Distance",-1.63101374575,1.47895189,1,FALSE,0.660095976375046,0.675624461670973,-0.0155284852959271
262,"Youden",-1.01030927835,0.858247423,1,FALSE,0.713424387842992,0.690143964562569,0.0232804232804232
262,"Distance",-1.4656357388,1.47895189,1,FALSE,0.706336901685739,0.667527993109388,0.0388089085763503
263,"Youden",-1.63101374575,1.219072165,1,FALSE,0.675624461670973,0.683745539559493,-0.00812107788851979
263,"Distance",-1.63101374575,1.219072165,1,FALSE,0.675624461670973,0.683745539559493,-0.00812107788851979
264,"Youden",-1.57731958765,0.6112542955,1,FALSE,0.745810262089332,0.68448381936754,0.0613264427217916
264,"Distance",-1.57731958765,0.6112542955,1,FALSE,0.745810262089332,0.68448381936754,0.0613264427217916
265,"Youden",-0.69029209625,0.6112542955,2,FALSE,0.697256060046758,0.697231450719823,2.46093269348213e-05
265,"Distance",-1.42268041235,2.058848797,1,FALSE,0.666838931955211,0.659406915220869,0.00743201673434235
266,"Youden",-1.63101374575,0.858247423,1,FALSE,0.745121200935154,0.691866617448013,0.0532545834871416
266,"Distance",-1.63101374575,0.858247423,1,FALSE,0.745121200935154,0.691866617448013,0.0532545834871416
267,"Youden",-0.69029209625,1.219072165,2,FALSE,0.758582502768549,0.68874123292728,0.0698412698412698
267,"Distance",-1.220790378,2.7246563575,1,FALSE,0.736286452565522,0.650227636274148,0.0860588162913745
268,"Youden",-1.4742268041,1.219072165,1,FALSE,0.682687338501292,0.683401008982404,-0.000713670481112261
268,"Distance",-1.4742268041,1.219072165,1,FALSE,0.682687338501292,0.683401008982404,-0.000713670481112261
269,"Youden",-0.69029209625,0.858247423,2,FALSE,0.783216439030393,0.696862310815799,0.0863541282145933
269,"Distance",-1.0060137457,0.858247423,1,FALSE,0.768746154792666,0.690143964562569,0.0786021902300972
270,"Youden",-0.6967353952,0.609106529,2,FALSE,0.667257290513104,0.697231450719823,-0.0299741602067184
270,"Distance",-1.05970790375,0.609106529,1,FALSE,0.660538944259874,0.690513104466593,-0.0299741602067184
271,"Youden",-0.69029209625,1.3737113405,2,FALSE,0.789565645379599,0.68062015503876,0.108945490340839
271,"Distance",-1.220790378,1.3737113405,1,FALSE,0.767687953734465,0.666838931955211,0.100849021779254
272,"Youden",-1.05970790375,1.3737113405,1,FALSE,0.775095361141873,0.67390180878553,0.101193552356343
272,"Distance",-1.63101374575,1.3737113405,1,FALSE,0.753906730650917,0.675624461670973,0.0782822689799435
273,"Youden",-1.4742268041,1.47895189,1,FALSE,0.697502153316107,0.675279931093885,0.0222222222222221
273,"Distance",-1.63101374575,1.47895189,1,FALSE,0.690439276485788,0.675624461670973,0.0148148148148148
274,"Youden",-0.69029209625,1.47895189,2,FALSE,0.789934785283622,0.68062015503876,0.109314630244863
274,"Distance",-2.36125429555,1.47895189,1,FALSE,0.770813338255199,0.631869078380706,0.138944259874492
275,"Youden",-1.3711340206,0.6112542955,1,FALSE,0.670013535129814,0.683794758213363,-0.0137812230835487
275,"Distance",-1.3711340206,1.219072165,1,FALSE,0.661523317337271,0.67530454042082,-0.0137812230835487
276,"Youden",-1.6825601375,0.858247423,1,FALSE,0.755309462286206,0.691866617448013,0.0634428448381936
276,"Distance",-1.6825601375,0.858247423,1,FALSE,0.755309462286206,0.691866617448013,0.0634428448381936
277,"Youden",-1.6288659794,0.609106529,1,FALSE,0.722923588039867,0.692235757352036,0.0306878306878307
277,"Distance",-1.6288659794,0.806701031,1,FALSE,0.722554448135843,0.691866617448013,0.0306878306878307
278,"Youden",-1.63101374575,0.609106529,1,FALSE,0.763110618924572,0.692235757352036,0.070874861572536
278,"Distance",-1.63101374575,0.858247423,1,FALSE,0.754989541036053,0.691866617448013,0.0631229235880398
279,"Youden",-0.2328178694,0.858247423,1,FALSE,0.696911529469669,0.681013904269718,0.0158976251999507
279,"Distance",-1.63101374575,0.858247423,1,FALSE,0.69260489725606,0.691866617448013,0.000738279808047193
280,"Youden",-1.01030927835,0.6112542955,1,FALSE,0.720856404577335,0.690513104466593,0.0303433001107419
280,"Distance",-1.6825601375,0.858247423,1,FALSE,0.676018210901932,0.691866617448013,-0.015848406546081
281,"Youden",-1.63101374575,1.219072165,1,FALSE,0.706681432262828,0.683745539559493,0.0229358927033346
281,"Distance",-1.63101374575,1.219072165,1,FALSE,0.706681432262828,0.683745539559493,0.0229358927033346
282,"Youden",-1.63101374575,0.6112542955,1,FALSE,0.684163898117387,0.692235757352036,-0.00807185923464993
282,"Distance",-1.63101374575,0.6112542955,1,FALSE,0.684163898117387,0.692235757352036,-0.00807185923464993
283,"Youden",-1.63101374575,0.6112542955,1,FALSE,0.742611049587794,0.692235757352036,0.0503752922357573
283,"Distance",-1.63101374575,0.6112542955,1,FALSE,0.742611049587794,0.692235757352036,0.0503752922357573
284,"Youden",-1.4742268041,0.6112542955,1,FALSE,0.692580287929125,0.691891226774948,0.000689061154177328
284,"Distance",-1.4742268041,0.806701031,1,FALSE,0.692211148025102,0.691522086870924,0.000689061154177439
285,"Youden",-0.0738831615,0.1323024055,1,FALSE,0.659948320413437,0.650769041466716,0.00917927894672077
285,"Distance",-1.63101374575,2.5206185565,1,FALSE,0.623403469915098,0.66713424387843,-0.043730773963332
286,"Youden",-1.63101374575,0.6112542955,1,FALSE,0.729961855543251,0.692235757352036,0.0377260981912144
286,"Distance",-1.63101374575,0.6112542955,1,FALSE,0.729961855543251,0.692235757352036,0.0377260981912144
287,"Youden",-1.57731958765,0.806701031,1,FALSE,0.723637258520979,0.684114679463517,0.0395225790574628
287,"Distance",-1.57731958765,2.681701031,1,FALSE,0.713301341208318,0.651261228005414,0.0620401132029038
288,"Youden",-0.69029209625,0.6112542955,2,FALSE,0.666199089454903,0.697231450719823,-0.0310323612649195
288,"Distance",-2.8251718213,0.6112542955,1,FALSE,0.655863172142242,0.634010089824043,0.0218530823181986
289,"Youden",-0.69029209625,0.806701031,2,FALSE,0.681013904269718,0.696862310815799,-0.015848406546081
289,"Distance",-1.27448453605,1.47895189,1,FALSE,0.652024117140396,0.659431524547804,-0.00740740740740742
290,"Youden",-1.63101374575,0.609106529,1,FALSE,0.661867847914359,0.692235757352036,-0.030367909437677
290,"Distance",-1.63101374575,0.609106529,1,FALSE,0.661867847914359,0.692235757352036,-0.030367909437677
291,"Youden",-0.0738831615,0.858247423,1,FALSE,0.696886920142734,0.680669373692629,0.0162175464501046
291,"Distance",-1.4656357388,0.858247423,1,FALSE,0.654509659160822,0.683770148886428,-0.029260489725606
292,"Youden",-0.32946735395,0.6112542955,1,FALSE,0.703556047742094,0.689134982158238,0.0144210655838563
292,"Distance",-1.6825601375,0.6112542955,1,FALSE,0.685123661867848,0.692235757352036,-0.00711209548418856
293,"Youden",-1.57731958765,1.7968213055,1,FALSE,0.767638735080596,0.651999507813461,0.115639227267134
293,"Distance",-1.57731958765,1.7968213055,1,FALSE,0.767638735080596,0.651999507813461,0.115639227267134
294,"Youden",-1.4742268041,2.058848797,1,FALSE,0.666445182724252,0.674910791189861,-0.00846560846560851
294,"Distance",-1.4742268041,2.058848797,1,FALSE,0.666445182724252,0.674910791189861,-0.00846560846560851
295,"Youden",-1.63101374575,0.858247423,1,FALSE,0.790230097206841,0.691866617448013,0.0983634797588285
295,"Distance",-1.63101374575,0.858247423,1,FALSE,0.790230097206841,0.691866617448013,0.0983634797588285
296,"Youden",-1.57731958765,0.606958763,1,FALSE,0.792371108650178,0.68448381936754,0.107887289282638
296,"Distance",-1.57731958765,0.606958763,1,FALSE,0.792371108650178,0.68448381936754,0.107887289282638
297,"Youden",-0.07817869415,1.219072165,2,FALSE,0.710963455149502,0.67254829580411,0.0384151593453919
297,"Distance",-1.63101374575,1.47895189,1,FALSE,0.683031869078381,0.675624461670973,0.00740740740740742
298,"Youden",-2.3097079038,0.858247423,1,FALSE,0.723932570444198,0.648111234157746,0.0758213362864526
298,"Distance",-2.3097079038,0.858247423,1,FALSE,0.723932570444198,0.648111234157746,0.0758213362864526
299,"Youden",-1.63101374575,0.858247423,1,FALSE,0.746154792666421,0.691866617448013,0.0542881752184078
299,"Distance",-1.63101374575,0.858247423,1,FALSE,0.746154792666421,0.691866617448013,0.0542881752184078
300,"Youden",-0.3316151203,2.058848797,1,FALSE,0.78110003691399,0.679906484557647,0.101193552356343
300,"Distance",-1.56872852235,2.058848797,1,FALSE,0.768696936138797,0.667503383782454,0.101193552356343
301,"Youden",-1.68685567015,0.609106529,1,FALSE,0.724646240925311,0.677420942537222,0.0472252983880891
301,"Distance",-1.68685567015,0.609106529,1,FALSE,0.724646240925311,0.677420942537222,0.0472252983880891
302,"Youden",-0.1254295533,2.058848797,1,FALSE,0.759271563922727,0.656650670604159,0.102620893318568
302,"Distance",-1.05970790375,2.681701031,1,FALSE,0.721840777654731,0.657290513104467,0.0645502645502645
303,"Youden",-0.3316151203,2.5206185565,1,FALSE,0.664033468684631,0.671785406669128,-0.00775193798449614
303,"Distance",-1.57731958765,2.5206185565,1,FALSE,0.636471022517534,0.659382305893934,-0.0229112833763997
304,"Youden",-1.4742268041,1.3737113405,1,FALSE,0.731364587178541,0.675279931093885,0.0560846560846561
304,"Distance",-1.4742268041,2.056701031,1,FALSE,0.715122431401501,0.674910791189861,0.0402116402116401
305,"Youden",-1.4742268041,0.6112542955,1,FALSE,0.76099421680817,0.691891226774948,0.0691029900332225
305,"Distance",-1.4742268041,0.858247423,1,FALSE,0.752503999015627,0.691522086870924,0.0609819121447028
306,"Youden",-0.64518900345,0.806701031,1,FALSE,0.774800049218654,0.696862310815799,0.0779377384028547
306,"Distance",-1.63101374575,0.806701031,1,FALSE,0.769459825273779,0.691866617448013,0.077593207825766
307,"Youden",-0.64518900345,1.219072165,1,FALSE,0.806546080964686,0.68874123292728,0.117804848037406
307,"Distance",-1.63101374575,2.681701031,1,FALSE,0.753537590746893,0.65901316598991,0.0945244247569829
308,"Youden",-0.69029209625,1.219072165,2,FALSE,0.751175095361142,0.68874123292728,0.0624338624338623
308,"Distance",-1.4742268041,1.47895189,1,FALSE,0.737689184200812,0.675279931093885,0.0624092531069275
309,"Youden",-0.3316151203,2.5206185565,1,FALSE,0.774406299987695,0.671785406669128,0.102620893318568
309,"Distance",-1.57731958765,2.5206185565,1,FALSE,0.746154792666421,0.659382305893934,0.0867724867724868
310,"Youden",-1.4742268041,0.858247423,1,FALSE,0.736630983142611,0.691522086870924,0.045108896271687
310,"Distance",-1.63101374575,0.858247423,1,FALSE,0.729912636889381,0.691866617448013,0.0380460194413683
311,"Youden",-1.01030927835,3.0382302405,1,FALSE,0.687953734465362,0.633296419342931,0.0546573151224314
311,"Distance",-1.01030927835,3.0382302405,1,FALSE,0.687953734465362,0.633296419342931,0.0546573151224314
312,"Youden",-1.01030927835,0.6112542955,1,FALSE,0.720511874000246,0.690513104466593,0.0299987695336532
312,"Distance",-1.63101374575,2.681701031,1,FALSE,0.69676387350806,0.65901316598991,0.0377507075181494
313,"Youden",-1.01030927835,2.058848797,1,FALSE,0.736286452565522,0.673532668881506,0.0627537836840163
313,"Distance",-1.4742268041,2.058848797,1,FALSE,0.729912636889381,0.674910791189861,0.0550018456995202
314,"Youden",-1.63101374575,2.5206185565,1,FALSE,0.72213608957795,0.66713424387843,0.0550018456995202
314,"Distance",-1.63101374575,2.5206185565,1,FALSE,0.72213608957795,0.66713424387843,0.0550018456995202
315,"Youden",-0.32946735395,0.858247423,1,FALSE,0.774800049218654,0.688765842254214,0.0860342069644395
315,"Distance",-2.3097079038,0.858247423,1,FALSE,0.755334071613141,0.648111234157746,0.107222837455396
316,"Youden",-0.3316151203,0.130154639,1,FALSE,0.706459948320413,0.666617448012797,0.0398425003076166
316,"Distance",-1.4742268041,0.858247423,1,FALSE,0.685861941675895,0.691522086870924,-0.00566014519502889
317,"Youden",-1.4742268041,0.6112542955,1,FALSE,0.70599237110865,0.691891226774948,0.0141011443337025
317,"Distance",-1.63101374575,0.858247423,1,FALSE,0.698560354374308,0.691866617448013,0.00669373692629505
318,"Youden",-0.3316151203,0.6112542955,1,FALSE,0.734957548911037,0.696886920142734,0.0380706287683031
318,"Distance",-1.4742268041,0.858247423,1,FALSE,0.714777900824412,0.691522086870924,0.0232558139534883
319,"Youden",-1.63101374575,0.858247423,1,FALSE,0.760625076904147,0.691866617448013,0.0687584594561339
319,"Distance",-1.63101374575,0.858247423,1,FALSE,0.760625076904147,0.691866617448013,0.0687584594561339
320,"Youden",-1.4742268041,0.858247423,1,FALSE,0.760969607481235,0.691522086870924,0.0694475206103113
320,"Distance",-1.4742268041,0.858247423,1,FALSE,0.760969607481235,0.691522086870924,0.0694475206103113
321,"Youden",-1.220790378,-0.0824742268,1,FALSE,0.722308354866494,0.645797957425864,0.07651039744063
321,"Distance",-1.63101374575,2.5206185565,1,FALSE,0.698904884951397,0.66713424387843,0.0317706410729667
322,"Youden",-0.3316151203,1.219072165,1,FALSE,0.742709486895533,0.688396702350191,0.0543127845453427
322,"Distance",-1.63101374575,1.219072165,1,FALSE,0.739436446413191,0.683745539559493,0.0556909068536976
323,"Youden",-1.220790378,0.806701031,1,FALSE,0.737713793527747,0.683081087732251,0.0546327057954965
323,"Distance",-1.220790378,0.806701031,1,FALSE,0.737713793527747,0.683081087732251,0.0546327057954965
324,"Youden",-1.4742268041,0.858247423,1,FALSE,0.82406792174234,0.691522086870924,0.132545834871416
324,"Distance",-1.4742268041,0.858247423,1,FALSE,0.82406792174234,0.691522086870924,0.132545834871416
325,"Youden",-1.63101374575,2.5206185565,1,FALSE,0.688667404946475,0.66713424387843,0.0215331610680448
325,"Distance",-1.63101374575,2.5206185565,1,FALSE,0.688667404946475,0.66713424387843,0.0215331610680448
326,"Youden",-1.63101374575,0.858247423,1,FALSE,0.792395717977113,0.691866617448013,0.1005291005291
326,"Distance",-1.63101374575,2.056701031,1,FALSE,0.759911406423034,0.67525532176695,0.0846560846560847
327,"Youden",-1.63101374575,0.858247423,1,FALSE,0.731020056601452,0.691866617448013,0.0391534391534392
327,"Distance",-1.63101374575,1.3737113405,1,FALSE,0.722898978712932,0.675624461670973,0.047274517041959
328,"Youden",-1.4656357388,0.606958763,1,FALSE,0.755334071613141,0.684139288790452,0.0711947828226898
328,"Distance",-1.4656357388,0.858247423,1,FALSE,0.739091915836102,0.683770148886428,0.0553217669496739
329,"Youden",-0.6387457045,0.1323024055,1,FALSE,0.691645133505599,0.666961978589886,0.024683154915713
329,"Distance",-1.63101374575,2.7246563575,1,FALSE,0.659726836471022,0.65901316598991,0.000713670481112261
330,"Youden",-1.01030927835,1.219072165,1,FALSE,0.773668020179648,0.682022886674049,0.0916451335055987
330,"Distance",-1.63101374575,1.219072165,1,FALSE,0.745071982281285,0.683745539559493,0.0613264427217916
331,"Youden",-0.69029209625,0.858247423,2,FALSE,0.75964070382675,0.696862310815799,0.0627783930109511
331,"Distance",-1.63101374575,0.858247423,1,FALSE,0.747237603051557,0.691866617448013,0.0553709856035437
332,"Youden",-1.63101374575,0.806701031,1,FALSE,0.708453303802141,0.691866617448013,0.0165866863541282
332,"Distance",-1.63101374575,0.806701031,1,FALSE,0.708453303802141,0.691866617448013,0.0165866863541282
333,"Youden",-0.3316151203,0.858247423,1,FALSE,0.703925187646118,0.69651778023871,0.00740740740740742
333,"Distance",-1.63101374575,0.858247423,1,FALSE,0.668955334071613,0.691866617448013,-0.0229112833763997
334,"Youden",-0.6387457045,0.858247423,1,FALSE,0.727894672080719,0.696862310815799,0.0310323612649195
334,"Distance",-1.63101374575,0.858247423,1,FALSE,0.723243509290021,0.691866617448013,0.0313768918420081
335,"Youden",-1.63101374575,0.6112542955,1,FALSE,0.683745539559493,0.692235757352036,-0.00849021779254344
335,"Distance",-1.63101374575,0.6112542955,1,FALSE,0.683745539559493,0.692235757352036,-0.00849021779254344
336,"Youden",-1.57731958765,0.6112542955,1,FALSE,0.745145810262089,0.68448381936754,0.060661990894549
336,"Distance",-1.57731958765,1.219072165,1,FALSE,0.72078257659653,0.675993601574997,0.0447889750215332
337,"Youden",-1.220790378,2.6323024055,1,FALSE,0.672056109265412,0.650227636274148,0.0218284729912637
337,"Distance",-1.220790378,0.606958763,1,FALSE,0.66578073089701,0.683450227636274,-0.0176694967392642
338,"Youden",-1.4656357388,0.1323024055,1,FALSE,0.731044665928387,0.653869816660514,0.0771748492678725
338,"Distance",-1.4656357388,1.0622852235,1,FALSE,0.705574012550757,0.667897133013412,0.0376768795373447
339,"Youden",-1.05970790375,1.219072165,1,FALSE,0.727845453426849,0.682022886674049,0.0458225667527994
339,"Distance",-1.63101374575,1.219072165,1,FALSE,0.707001353512981,0.683745539559493,0.0232558139534884
340,"Youden",-0.6967353952,2.5206185565,2,FALSE,0.671391657438169,0.672129937246216,-0.000738279808047193
340,"Distance",-1.63101374575,2.5206185565,1,FALSE,0.666051433493294,0.66713424387843,-0.00108281038513591
341,"Youden",-0.3316151203,0.609106529,1,FALSE,0.689824043312415,0.696886920142734,-0.0070628768303187
341,"Distance",-1.63101374575,2.058848797,1,FALSE,0.660809646856159,0.67525532176695,-0.0144456749107912
342,"Youden",-0.69029209625,0.806701031,2,FALSE,0.736015749969238,0.696862310815799,0.0391534391534392
342,"Distance",-1.3711340206,3.0382302405,1,FALSE,0.721447028423773,0.626578073089701,0.0948689553340716
343,"Youden",-0.69029209625,0.6112542955,2,FALSE,0.729691152946967,0.697231450719823,0.032459702227144
343,"Distance",-1.6825601375,2.5206185565,1,FALSE,0.707001353512981,0.66713424387843,0.0398671096345515
344,"Youden",-0.32946735395,0.858247423,1,FALSE,0.720167343423157,0.688765842254214,0.031401501168943
344,"Distance",-2.3097079038,0.858247423,1,FALSE,0.693638488987326,0.648111234157746,0.0455272548295804
345,"Youden",-1.05970790375,0.6112542955,1,FALSE,0.715196259382306,0.690513104466593,0.024683154915713
345,"Distance",-1.63101374575,0.6112542955,1,FALSE,0.701070505721669,0.692235757352036,0.00883474836963205
346,"Youden",-1.6825601375,0.6112542955,1,FALSE,0.74620401132029,0.692235757352036,0.0539682539682539
346,"Distance",-1.6825601375,2.681701031,1,FALSE,0.736606373815676,0.65901316598991,0.0775932078257658
347,"Youden",-0.6387457045,0.1323024055,1,FALSE,0.682121323981789,0.666961978589886,0.0151593453919036
347,"Distance",-1.6825601375,0.609106529,1,FALSE,0.654115909929863,0.692235757352036,-0.038119847422173
348,"Youden",-0.6387457045,0.1323024055,1,FALSE,0.706115417743325,0.666961978589886,0.0391534391534392
348,"Distance",-1.4742268041,1.47895189,1,FALSE,0.681604528116156,0.675279931093885,0.00632459702227139
349,"Youden",-1.4742268041,0.6112542955,1,FALSE,0.745884090070137,0.691891226774948,0.0539928632951888
349,"Distance",-1.4742268041,2.681701031,1,FALSE,0.728165374677003,0.658668635412822,0.0694967392641811
350,"Youden",-0.3316151203,0.806701031,1,FALSE,0.704614248800295,0.69651778023871,0.00809646856158486
350,"Distance",-1.4656357388,1.219072165,1,FALSE,0.677027193306263,0.675649070997908,0.00137812230835488
351,"Youden",-0.3316151203,1.219072165,1,FALSE,0.759616094499815,0.688396702350191,0.0712193921496247
351,"Distance",-1.72766323025,1.219072165,1,FALSE,0.731709117755629,0.668930724744678,0.062778393010951
352,"Youden",-0.3316151203,0.6112542955,1,FALSE,0.735302079488126,0.696886920142734,0.0384151593453919
352,"Distance",-1.63101374575,0.6112542955,1,FALSE,0.72358803986711,0.692235757352036,0.0313522825150732
353,"Youden",-0.3316151203,2.058848797,1,FALSE,0.733850129198966,0.679906484557647,0.0539436446413191
353,"Distance",-1.69780927835,2.058848797,1,FALSE,0.729543496985357,0.660440506952135,0.0691029900332226
354,"Youden",-0.64518900345,2.058848797,1,FALSE,0.728214593330872,0.680251015134736,0.0479635781961363
354,"Distance",-0.64518900345,2.058848797,1,FALSE,0.728214593330872,0.680251015134736,0.0479635781961363
355,"Youden",-1.05970790375,0.1323024055,1,FALSE,0.705721668512366,0.660243632336656,0.0454780361757106
355,"Distance",-1.63101374575,1.47895189,1,FALSE,0.667527993109388,0.675624461670973,-0.00809646856158475
356,"Youden",-1.0060137457,0.609106529,1,FALSE,0.713079857265904,0.690513104466593,0.022566752799311
356,"Distance",-1.57731958765,0.609106529,1,FALSE,0.692235757352036,0.68448381936754,0.00775193798449614
357,"Youden",-0.3316151203,1.219072165,1,FALSE,0.751125876707272,0.688396702350191,0.0627291743570814
357,"Distance",-1.4656357388,1.219072165,1,FALSE,0.722529838808909,0.675649070997908,0.0468807678110004
358,"Youden",-0.707474226833333,-0.673109965666667,1,TRUE,0.637037037037037,0.644444444444444,-0.00740740740740742
358,"Distance",-1.63101374575,1.219072165,1,FALSE,0.590648455764735,0.683745539559493,-0.0930970837947582
359,"Youden",-1.220790378,1.47895189,1,FALSE,0.689725606004676,0.666838931955211,0.0228866740494648
359,"Distance",-1.220790378,1.47895189,1,FALSE,0.689725606004676,0.666838931955211,0.0228866740494648
360,"Youden",-0.69029209625,0.6112542955,2,FALSE,0.696886920142734,0.697231450719823,-0.00034453057708872
360,"Distance",-1.63101374575,0.858247423,1,FALSE,0.67530454042082,0.691866617448013,-0.0165620770271933
361,"Youden",-0.6967353952,0.858247423,2,FALSE,0.71942906361511,0.696862310815799,0.022566752799311
361,"Distance",-1.63101374575,0.858247423,1,FALSE,0.714777900824412,0.691866617448013,0.0229112833763996
362,"Youden",-1.63101374575,0.6112542955,1,FALSE,0.661203396087117,0.692235757352036,-0.0310323612649195
362,"Distance",-1.63101374575,0.6112542955,1,FALSE,0.661203396087117,0.692235757352036,-0.0310323612649195
363,"Youden",-1.68685567015,0.858247423,1,FALSE,0.699618555432509,0.677051802633198,0.022566752799311
363,"Distance",-1.68685567015,0.858247423,1,FALSE,0.699618555432509,0.677051802633198,0.022566752799311
364,"Youden",-0.535652921,1.47895189,1,FALSE,0.797662113941184,0.672868217054264,0.12479389688692
364,"Distance",-1.4742268041,2.6323024055,1,FALSE,0.7838562815307,0.658668635412822,0.125187646117879
365,"Youden",-0.3316151203,1.219072165,1,FALSE,0.688396702350191,0.688396702350191,0
365,"Distance",-1.4742268041,1.219072165,1,FALSE,0.659800664451827,0.683401008982404,-0.023600344530577
366,"Youden",-1.63101374575,0.858247423,1,FALSE,0.753586809400763,0.691866617448013,0.06172019195275
366,"Distance",-1.63101374575,2.681701031,1,FALSE,0.744727451704196,0.65901316598991,0.0857142857142856
367,"Youden",-1.63101374575,-0.12757731955,2,FALSE,0.730749354005168,0.654583487141627,0.0761658668635413
367,"Distance",-1.63101374575,2.058848797,1,FALSE,0.728165374677003,0.67525532176695,0.0529100529100529
368,"Youden",-0.01804123695,0.858247423,1,FALSE,0.758582502768549,0.672917435708133,0.085665067060416
368,"Distance",-1.63101374575,0.858247423,1,FALSE,0.709142364956318,0.691866617448013,0.0172757475083056
369,"Youden",-0.3316151203,0.858247423,1,FALSE,0.750756736803248,0.69651778023871,0.0542389565645379
369,"Distance",-1.01030927835,1.219072165,1,FALSE,0.736261843238587,0.682022886674049,0.054238956564538
370,"Youden",-0.69029209625,2.5206185565,2,FALSE,0.750043066322136,0.672129937246216,0.0779131290759199
370,"Distance",-1.6825601375,2.5206185565,1,FALSE,0.736261843238587,0.66713424387843,0.0691275993601576
371,"Youden",-0.69029209625,-0.07817869415,4,FALSE,0.659234649932324,0.659579180509413,-0.00034453057708872
371,"Distance",-0.69029209625,1.47895189,2,FALSE,0.640408514827119,0.68062015503876,-0.0402116402116403
372,"Youden",-1.27448453605,1.47895189,1,FALSE,0.711923218899963,0.659431524547804,0.0524916943521595
372,"Distance",-1.27448453605,1.47895189,1,FALSE,0.711923218899963,0.659431524547804,0.0524916943521595
373,"Youden",-1.4656357388,0.6112542955,1,FALSE,0.768081702965424,0.684139288790452,0.0839424141749723
373,"Distance",-2.3097079038,0.858247423,1,FALSE,0.724277101021287,0.648111234157746,0.0761658668635413
374,"Youden",-1.01030927835,0.759450172,1,FALSE,0.696493170911776,0.682392026578073,0.0141011443337025
374,"Distance",-1.4656357388,0.759450172,1,FALSE,0.682711947828227,0.676018210901932,0.00669373692629505
375,"Youden",-0.69029209625,0.6112542955,2,FALSE,0.696862310815799,0.697231450719823,-0.000369139904023652
375,"Distance",-1.01030927835,0.6112542955,1,FALSE,0.683425618309339,0.690513104466593,-0.00708748615725363
376,"Youden",-0.6387457045,2.058848797,1,FALSE,0.695730281776793,0.680251015134736,0.0154792666420573
376,"Distance",-1.63101374575,2.058848797,1,FALSE,0.682982650424511,0.67525532176695,0.00772732865756121
377,"Youden",-1.01030927835,0.606958763,1,FALSE,0.753980558631721,0.690513104466593,0.0634674541651286
377,"Distance",-1.63101374575,1.47895189,1,FALSE,0.715836101882613,0.675624461670973,0.0402116402116403
378,"Youden",-0.3316151203,0.858247423,1,FALSE,0.727919281407653,0.69651778023871,0.031401501168943
378,"Distance",-1.4742268041,2.058848797,1,FALSE,0.684065460809647,0.674910791189861,0.00915466961978584
379,"Youden",-1.57731958765,1.219072165,1,FALSE,0.737713793527747,0.675993601574997,0.0617201919527501
379,"Distance",-1.57731958765,1.219072165,1,FALSE,0.737713793527747,0.675993601574997,0.0617201919527501
380,"Youden",-1.4742268041,0.609106529,1,FALSE,0.730675526024363,0.691891226774948,0.0387842992494155
380,"Distance",-1.4742268041,1.219072165,1,FALSE,0.721816168327796,0.683401008982404,0.038415159345392
381,"Youden",-0.69029209625,2.5206185565,2,FALSE,0.773323489602559,0.672129937246216,0.101193552356343
381,"Distance",-1.4742268041,2.5206185565,1,FALSE,0.730601698043558,0.666789713301341,0.0638119847422173
382,"Youden",-2.3097079038,0.1323024055,1,FALSE,0.724350929002092,0.618210901931832,0.10614002707026
382,"Distance",-2.3097079038,1.219072165,1,FALSE,0.722505229481974,0.639990156269226,0.0825150732127476
383,"Youden",-1.0060137457,-0.12757731955,2,FALSE,0.699741602067183,0.652860834256183,0.0468807678110004
383,"Distance",-1.0060137457,1.219072165,1,FALSE,0.689036544850498,0.682022886674049,0.00701365817644894
384,"Youden",-0.02018900345,0.606958763,1,FALSE,0.712070874861573,0.673286575612157,0.0387842992494155
384,"Distance",-1.4742268041,0.606958763,1,FALSE,0.684508428694475,0.691891226774948,-0.0073827980804726
385,"Youden",-0.64518900345,1.219072165,1,FALSE,0.766998892580288,0.68874123292728,0.0782576596530085
385,"Distance",-1.3711340206,2.058848797,1,FALSE,0.737320044296789,0.666814322628276,0.0705057216685124
386,"Youden",-1.4742268041,0.1323024055,1,FALSE,0.737812230835487,0.66162175464501,0.0761904761904761
386,"Distance",-1.4742268041,2.681701031,1,FALSE,0.734489971699274,0.658668635412822,0.0758213362864525
387,"Youden",-0.3316151203,0.606958763,1,FALSE,0.703580657069029,0.696886920142734,0.00669373692629505
387,"Distance",-1.63101374575,2.5206185565,1,FALSE,0.658348714162668,0.66713424387843,-0.0087855297157623
388,"Youden",-1.01030927835,2.058848797,1,FALSE,0.828349944629014,0.673532668881506,0.154817275747508
388,"Distance",-1.63101374575,2.058848797,1,FALSE,0.800442967884828,0.67525532176695,0.125187646117879
389,"Youden",-1.6825601375,0.6112542955,1,FALSE,0.699643164759444,0.692235757352036,0.00740740740740742
389,"Distance",-1.6825601375,1.47895189,1,FALSE,0.698535745047373,0.675624461670973,0.0229112833763997
390,"Youden",-1.63101374575,0.609106529,1,FALSE,0.715171650055371,0.692235757352036,0.0229358927033345
390,"Distance",-1.63101374575,2.058848797,1,FALSE,0.698191214470284,0.67525532176695,0.0229358927033345
391,"Youden",-1.3711340206,0.1323024055,1,FALSE,0.707099790820721,0.653525286083426,0.0535745047372954
391,"Distance",-1.4742268041,0.858247423,1,FALSE,0.699249415528485,0.691522086870924,0.00772732865756121
392,"Youden",-0.6967353952,1.219072165,1,FALSE,0.783241048357327,0.68874123292728,0.0944998154300479
392,"Distance",-1.4742268041,1.219072165,1,FALSE,0.777556293835364,0.683401008982404,0.0941552848529593
393,"Youden",-0.69029209625,0.858247423,2,FALSE,0.752233296419343,0.696862310815799,0.0553709856035438
393,"Distance",-1.4742268041,0.858247423,1,FALSE,0.746893072474468,0.691522086870924,0.0553709856035437
394,"Youden",-0.6387457045,1.0622852235,1,FALSE,0.775144579795743,0.680989294942783,0.0941552848529592
394,"Distance",-1.6202749141,2.5206185565,1,FALSE,0.73025716746647,0.66713424387843,0.0631229235880398
395,"Youden",-1.63101374575,-0.85352233675,2,FALSE,0.708527131782946,0.639448751076658,0.0690783807062878
395,"Distance",-1.63101374575,1.219072165,1,FALSE,0.698929494278332,0.683745539559493,0.0151839547188385
396,"Youden",-1.57731958765,1.219072165,1,FALSE,0.793084779131291,0.675993601574997,0.117091177556294
396,"Distance",-1.57731958765,1.219072165,1,FALSE,0.793084779131291,0.675993601574997,0.117091177556294
397,"Youden",-1.63101374575,0.6112542955,1,FALSE,0.706706041589762,0.692235757352036,0.014470284237726
397,"Distance",-1.63101374575,2.056701031,1,FALSE,0.697846683893195,0.67525532176695,0.0225913621262458
398,"Youden",-0.69029209625,2.8792955325,2,FALSE,0.733480989294943,0.648135843484681,0.0853451458102621
398,"Distance",-1.4656357388,2.8792955325,1,FALSE,0.697822074566261,0.635043681555309,0.0627783930109512
399,"Youden",-0.3316151203,1.47895189,1,FALSE,0.719035314384152,0.680275624461671,0.0387596899224806
399,"Distance",-1.63101374575,1.47895189,1,FALSE,0.714039621016365,0.675624461670973,0.038415159345392
400,"Youden",-1.01030927835,0.1902920965,1,FALSE,0.713818137073951,0.64437061646364,0.0694475206103113
400,"Distance",-2.3097079038,0.6112542955,1,FALSE,0.671022517534145,0.648480374061769,0.022542143472376
401,"Youden",-0.6387457045,0.806701031,1,FALSE,0.79874492432632,0.696862310815799,0.101882613510521
401,"Distance",-1.63101374575,0.806701031,1,FALSE,0.793404700381445,0.691866617448013,0.101538082933432
402,"Youden",-1.63101374575,1.47895189,1,FALSE,0.77046880767811,0.675624461670973,0.0948443460071368
402,"Distance",-1.63101374575,2.058848797,1,FALSE,0.770099667774086,0.67525532176695,0.0948443460071366
403,"Youden",-1.63101374575,0.609106529,1,FALSE,0.738796603912883,0.692235757352036,0.0465608465608466
403,"Distance",-1.63101374575,1.47895189,1,FALSE,0.73030638612034,0.675624461670973,0.0546819244493664
404,"Youden",-0.3316151203,0.6112542955,1,FALSE,0.69651778023871,0.696886920142734,-0.000369139904023652
404,"Distance",-1.4742268041,0.6112542955,1,FALSE,0.661203396087117,0.691891226774948,-0.0306878306878308
405,"Youden",-0.69029209625,-0.07817869415,4,FALSE,0.666642057339732,0.659579180509413,0.00706287683031859
405,"Distance",-1.4742268041,2.058848797,1,FALSE,0.613190599237111,0.674910791189861,-0.0617201919527501
406,"Youden",-1.63101374575,0.6112542955,1,FALSE,0.716229851113572,0.692235757352036,0.0239940937615356
406,"Distance",-1.63101374575,2.056701031,1,FALSE,0.691497477543989,0.67525532176695,0.0162421557770395
407,"Youden",-1.63101374575,-0.12757731955,2,FALSE,0.738476682662729,0.654583487141627,0.0838931955211025
407,"Distance",-1.63101374575,1.219072165,1,FALSE,0.69676387350806,0.683745539559493,0.0130183339485666
408,"Youden",-1.63101374575,0.6112542955,1,FALSE,0.729937246216316,0.692235757352036,0.0377014888642795
408,"Distance",-1.63101374575,0.6112542955,1,FALSE,0.729937246216316,0.692235757352036,0.0377014888642795
409,"Youden",-0.69029209625,1.47895189,2,FALSE,0.726811861695583,0.68062015503876,0.0461917066568229
409,"Distance",-1.4742268041,1.47895189,1,FALSE,0.706312292358804,0.675279931093885,0.0310323612649194
410,"Youden",-1.4742268041,0.6112542955,1,FALSE,0.744407530454042,0.691891226774948,0.0525163036790943
410,"Distance",-1.4742268041,0.6112542955,1,FALSE,0.744407530454042,0.691891226774948,0.0525163036790943
411,"Youden",-1.4656357388,2.056701031,1,FALSE,0.721127107173619,0.667158853205365,0.053968253968254
411,"Distance",-1.4656357388,2.056701031,1,FALSE,0.721127107173619,0.667158853205365,0.053968253968254
412,"Youden",-1.63101374575,0.858247423,1,FALSE,0.713375169189123,0.691866617448013,0.0215085517411099
412,"Distance",-1.63101374575,0.858247423,1,FALSE,0.713375169189123,0.691866617448013,0.0215085517411099
413,"Youden",-0.3316151203,0.6112542955,1,FALSE,0.744825889011935,0.696886920142734,0.0479389688692013
413,"Distance",-1.4656357388,0.858247423,1,FALSE,0.701390426971822,0.683770148886428,0.0176202780853943
414,"Youden",-1.63101374575,0.6112542955,1,FALSE,0.738427464008859,0.692235757352036,0.0461917066568229
414,"Distance",-1.98969072165,0.6112542955,1,FALSE,0.732053648332718,0.655543250892088,0.07651039744063
415,"Youden",-1.63101374575,0.806701031,1,FALSE,0.761363356712194,0.691866617448013,0.0694967392641811
415,"Distance",-1.63101374575,1.7968213055,1,FALSE,0.728879045158115,0.659751445797957,0.0691275993601576
416,"Youden",-0.6387457045,1.219072165,1,FALSE,0.71271071736188,0.68874123292728,0.0239694844346006
416,"Distance",-1.27448453605,1.7968213055,1,FALSE,0.683401008982404,0.643558508674788,0.0398425003076165
417,"Youden",-0.2328178694,2.058848797,1,FALSE,0.750067675649071,0.664402608588655,0.0856650670604158
417,"Distance",-1.01030927835,2.058848797,1,FALSE,0.736630983142611,0.673532668881506,0.063098314261105
418,"Youden",-0.69029209625,1.219072165,2,FALSE,0.735277470161191,0.68874123292728,0.0465362372339115
418,"Distance",-1.4742268041,1.219072165,1,FALSE,0.730281776793405,0.683401008982404,0.0468807678110004
419,"Youden",-0.6387457045,0.858247423,1,FALSE,0.720142734096223,0.696862310815799,0.0232804232804233
419,"Distance",-1.57731958765,0.858247423,1,FALSE,0.670013535129814,0.684114679463517,-0.0141011443337025
420,"Youden",-0.2328178694,0.858247423,1,FALSE,0.689824043312415,0.681013904269718,0.00881013904269723
420,"Distance",-1.4742268041,1.219072165,1,FALSE,0.647422173003568,0.683401008982404,-0.035978835978836
421,"Youden",-0.69029209625,0.6112542955,2,FALSE,0.704663467454165,0.697231450719823,0.00743201673434224
421,"Distance",-1.63101374575,2.058848797,1,FALSE,0.629408145687215,0.67525532176695,-0.0458471760797342
422,"Youden",-0.69029209625,0.1323024055,2,FALSE,0.652147163775071,0.666961978589886,-0.0148148148148148
422,"Distance",-1.63101374575,0.6112542955,1,FALSE,0.629801894918174,0.692235757352036,-0.0624338624338625
423,"Youden",-0.69029209625,2.056701031,2,FALSE,0.726442721791559,0.680251015134736,0.0461917066568229
423,"Distance",-1.63101374575,2.056701031,1,FALSE,0.690439276485788,0.67525532176695,0.0151839547188384
424,"Youden",-0.3316151203,0.806701031,1,FALSE,0.727919281407653,0.69651778023871,0.031401501168943
424,"Distance",-1.0060137457,2.5206185565,1,FALSE,0.673532668881506,0.665411590992986,0.00812107788851979
425,"Youden",-0.3316151203,0.6112542955,1,FALSE,0.797711332595054,0.696886920142734,0.100824412452319
425,"Distance",-1.6825601375,0.806701031,1,FALSE,0.785283622492925,0.691866617448013,0.093417005044912
426,"Youden",-0.3316151203,1.47895189,1,FALSE,0.718690783807063,0.680275624461671,0.0384151593453919
426,"Distance",-1.4742268041,1.47895189,1,FALSE,0.70594315245478,0.675279931093885,0.0306632213608957
427,"Youden",-1.63101374575,1.47895189,1,FALSE,0.768327796234773,0.675624461670973,0.0927033345637998
427,"Distance",-1.63101374575,1.47895189,1,FALSE,0.768327796234773,0.675624461670973,0.0927033345637998
428,"Youden",-1.63101374575,0.6112542955,1,FALSE,0.729961855543251,0.692235757352036,0.0377260981912144
428,"Distance",-2.3097079038,0.6112542955,1,FALSE,0.716180632459702,0.648480374061769,0.0677002583979328
429,"Youden",-0.3316151203,-0.17912371135,1,FALSE,0.67510766580534,0.651482711947828,0.023624953857512
429,"Distance",-1.4742268041,1.219072165,1,FALSE,0.661203396087117,0.683401008982404,-0.0221976128952873
430,"Youden",-1.3711340206,2.058848797,1,FALSE,0.714039621016365,0.666814322628276,0.0472252983880891
430,"Distance",-1.3711340206,2.058848797,1,FALSE,0.714039621016365,0.666814322628276,0.0472252983880891
431,"Youden",-1.56872852235,0.6112542955,1,FALSE,0.675649070997908,0.68448381936754,-0.00883474836963216
431,"Distance",-1.56872852235,0.6112542955,1,FALSE,0.675649070997908,0.68448381936754,-0.00883474836963216
432,"Youden",-0.3316151203,1.47895189,1,FALSE,0.774086378737541,0.680275624461671,0.0938107542758705
432,"Distance",-1.63101374575,1.47895189,1,FALSE,0.739461055740125,0.675624461670973,0.0638365940691522
433,"Youden",-0.69029209625,0.6112542955,2,FALSE,0.720118124769288,0.697231450719823,0.0228866740494648
433,"Distance",-1.63101374575,0.6112542955,1,FALSE,0.693244739756368,0.692235757352036,0.00100898240433123
434,"Youden",-0.64518900345,0.6112542955,1,FALSE,0.737073951027439,0.697231450719823,0.0398425003076165
434,"Distance",-0.64518900345,2.058848797,1,FALSE,0.727476313522825,0.680251015134736,0.0472252983880891
435,"Youden",-1.01030927835,0.858247423,1,FALSE,0.721225544481358,0.690143964562569,0.0310815799187892
435,"Distance",-1.63101374575,2.681701031,1,FALSE,0.683745539559493,0.65901316598991,0.0247323735695828
436,"Youden",-1.63101374575,0.858247423,1,FALSE,0.72218530823182,0.691866617448013,0.030318690783807
436,"Distance",-1.63101374575,0.858247423,1,FALSE,0.72218530823182,0.691866617448013,0.030318690783807
437,"Youden",-1.3711340206,2.056701031,1,FALSE,0.681998277347114,0.666814322628276,0.0151839547188384
437,"Distance",-1.4742268041,2.056701031,1,FALSE,0.674935400516796,0.674910791189861,2.46093269349323e-05
438,"Youden",-0.69029209625,1.219072165,2,FALSE,0.758927033345638,0.68874123292728,0.0701858004183584
438,"Distance",-1.63101374575,1.219072165,1,FALSE,0.739116525163037,0.683745539559493,0.0553709856035437
439,"Youden",-1.3711340206,0.609106529,1,FALSE,0.707075181493786,0.683794758213363,0.0232804232804232
439,"Distance",-1.3711340206,1.219072165,1,FALSE,0.690463885812723,0.67530454042082,0.0151593453919034
440,"Youden",-1.57731958765,-0.22852233675,3,FALSE,0.663049095607235,0.639079611172634,0.0239694844346007
440,"Distance",-1.57731958765,0.6112542955,1,FALSE,0.644592100406054,0.68448381936754,-0.0398917189614865
441,"Youden",-1.63101374575,0.609106529,1,FALSE,0.723612649194045,0.692235757352036,0.0313768918420081
441,"Distance",-1.63101374575,1.47895189,1,FALSE,0.723243509290021,0.675624461670973,0.0476190476190477
442,"Youden",-1.63101374575,0.6112542955,1,FALSE,0.759960625076904,0.692235757352036,0.0677248677248676
442,"Distance",-2.36125429555,2.058848797,1,FALSE,0.737664574873877,0.631499938476683,0.106164636397195
443,"Youden",-1.01030927835,1.7968213055,1,FALSE,0.775095361141873,0.658028792912514,0.117066568229359
443,"Distance",-1.4742268041,1.7968213055,1,FALSE,0.760969607481235,0.659406915220869,0.101562692260367
444,"Youden",-0.69029209625,0.6112542955,2,FALSE,0.705352528608343,0.697231450719823,0.00812107788851968
444,"Distance",-1.4742268041,2.058848797,1,FALSE,0.65906238464378,0.674910791189861,-0.015848406546081
445,"Youden",-0.3316151203,0.858247423,1,FALSE,0.774800049218654,0.69651778023871,0.0782822689799434
445,"Distance",-1.220790378,1.219072165,1,FALSE,0.745834871416267,0.674960009843731,0.070874861572536
446,"Youden",-1.63101374575,0.6112542955,1,FALSE,0.74509659160822,0.692235757352036,0.052860834256183
446,"Distance",-1.63101374575,1.0622852235,1,FALSE,0.744727451704196,0.675993601574997,0.068733850129199
447,"Youden",-0.69029209625,0.6112542955,2,FALSE,0.713448997169927,0.697231450719823,0.0162175464501045
447,"Distance",-1.1670962199,0.858247423,1,FALSE,0.667552602436323,0.675329149747754,-0.00777654731143096
448,"Youden",-1.6825601375,0.1902920965,1,FALSE,0.762421557770395,0.646093269349083,0.116328288421312
448,"Distance",-1.6825601375,1.219072165,1,FALSE,0.737320044296789,0.683745539559493,0.0535745047372955
449,"Youden",-0.69029209625,1.47895189,2,FALSE,0.68979943398548,0.68062015503876,0.00917927894672077
449,"Distance",-1.63101374575,1.47895189,1,FALSE,0.685148271194783,0.675624461670973,0.0095238095238096
450,"Youden",-1.4742268041,0.609106529,1,FALSE,0.731709117755629,0.691891226774948,0.0398178909806816
450,"Distance",-1.4742268041,1.219072165,1,FALSE,0.715097822074566,0.683401008982404,0.031696813092162
451,"Youden",-1.63101374575,0.858247423,1,FALSE,0.770493417005045,0.691866617448013,0.0786267995570321
451,"Distance",-1.63101374575,2.058848797,1,FALSE,0.761634059308478,0.67525532176695,0.0863787375415282
452,"Youden",-0.3316151203,1.47895189,1,FALSE,0.720462655346376,0.680275624461671,0.0401870308847052
452,"Distance",-1.57731958765,1.47895189,1,FALSE,0.707370493417005,0.667872523686477,0.0394979697305278
453,"Youden",-0.3316151203,1.219072165,1,FALSE,0.712390796111726,0.688396702350191,0.0239940937615357
453,"Distance",-1.63101374575,1.47895189,1,FALSE,0.676682662729174,0.675624461670973,0.00105820105820109
454,"Youden",-1.63101374575,0.7573024055,1,FALSE,0.72078257659653,0.684114679463517,0.0366678971330134
454,"Distance",-1.63101374575,0.7573024055,1,FALSE,0.72078257659653,0.684114679463517,0.0366678971330134
455,"Youden",-0.69029209625,-0.07817869415,4,FALSE,0.65354989541036,0.659579180509413,-0.00602928509905265
455,"Distance",-1.63101374575,0.858247423,1,FALSE,0.630466346745417,0.691866617448013,-0.0614002707025962
456,"Youden",-0.6967353952,1.47895189,1,FALSE,0.735646610065215,0.68062015503876,0.055026455026455
456,"Distance",-1.4656357388,2.058848797,1,FALSE,0.698560354374308,0.667158853205365,0.031401501168943
457,"Youden",-0.3316151203,0.606958763,1,FALSE,0.722283745539559,0.696886920142734,0.0253968253968253
457,"Distance",-1.4742268041,2.20919244,1,FALSE,0.700996677740864,0.674910791189861,0.0260858865510027
458,"Youden",-0.6967353952,0.858247423,2,FALSE,0.743398548049711,0.696862310815799,0.0465362372339116
458,"Distance",-1.0060137457,1.3737113405,1,FALSE,0.721840777654731,0.67390180878553,0.0479389688692013
459,"Youden",-0.3316151203,1.219072165,1,FALSE,0.680300233788606,0.688396702350191,-0.00809646856158475
459,"Distance",-1.57731958765,1.219072165,1,FALSE,0.667897133013412,0.675993601574997,-0.00809646856158475
460,"Youden",-1.63101374575,1.47895189,1,FALSE,0.767638735080596,0.675624461670973,0.0920142734096223
460,"Distance",-1.63101374575,1.47895189,1,FALSE,0.767638735080596,0.675624461670973,0.0920142734096223
461,"Youden",-1.01030927835,0.6112542955,1,FALSE,0.730330995447275,0.690513104466593,0.0398178909806817
461,"Distance",-1.01030927835,0.6112542955,1,FALSE,0.730330995447275,0.690513104466593,0.0398178909806817
462,"Youden",-1.01030927835,0.858247423,1,FALSE,0.776153562200074,0.690143964562569,0.0860095976375046
462,"Distance",-1.57731958765,0.858247423,1,FALSE,0.763405930847791,0.684114679463517,0.0792912513842746
463,"Youden",-0.07817869415,0.858247423,2,FALSE,0.673261966285222,0.680669373692629,-0.00740740740740742
463,"Distance",-1.63101374575,0.858247423,1,FALSE,0.669988925802879,0.691866617448013,-0.0218776916451335
464,"Youden",-1.4656357388,-0.12757731955,2,FALSE,0.715196259382306,0.646487018580042,0.068709240802264
464,"Distance",-1.4656357388,2.5206185565,1,FALSE,0.712981419958164,0.659037775316845,0.0539436446413191
465,"Youden",-0.32946735395,0.6112542955,1,FALSE,0.706410729666544,0.689134982158238,0.0172757475083056
465,"Distance",-1.220790378,2.211340206,1,FALSE,0.683376399655469,0.666469792051187,0.016906607604282
466,"Youden",-0.64518900345,0.6112542955,1,FALSE,0.720856404577335,0.697231450719823,0.023624953857512
466,"Distance",-1.63101374575,0.6112542955,1,FALSE,0.692949427833149,0.692235757352036,0.000713670481112261
467,"Youden",-0.535652921,0.858247423,1,FALSE,0.728288421311677,0.689110372831303,0.0391780484803741
467,"Distance",-1.4742268041,2.5206185565,1,FALSE,0.683031869078381,0.666789713301341,0.0162421557770395
468,"Youden",-0.3316151203,2.5206185565,1,FALSE,0.828349944629014,0.671785406669128,0.156564537959887
468,"Distance",-1.01030927835,2.5206185565,1,FALSE,0.799064845576474,0.665411590992986,0.133653254583487
469,"Youden",-1.57731958765,1.216924399,1,FALSE,0.729223575735204,0.675993601574997,0.0532299741602068
469,"Distance",-1.57731958765,1.216924399,1,FALSE,0.729223575735204,0.675993601574997,0.0532299741602068
470,"Youden",-1.01030927835,-0.0824742268,1,FALSE,0.699052540913006,0.652860834256183,0.0461917066568229
470,"Distance",-1.63101374575,2.056701031,1,FALSE,0.630146425495263,0.67525532176695,-0.045108896271687
471,"Youden",-0.535652921,0.609106529,1,FALSE,0.696911529469669,0.689479512735327,0.00743201673434224
471,"Distance",-1.42268041235,2.058848797,1,FALSE,0.659431524547804,0.659406915220869,2.46093269349323e-05
472,"Youden",-1.01030927835,0.858247423,1,FALSE,0.797711332595054,0.690143964562569,0.107567368032484
472,"Distance",-1.6825601375,1.219072165,1,FALSE,0.776498092777163,0.683745539559493,0.0927525532176695
473,"Youden",-1.01030927835,0.6112542955,1,FALSE,0.737763012181617,0.690513104466593,0.047249907715024
473,"Distance",-1.01030927835,2.058848797,1,FALSE,0.728165374677003,0.673532668881506,0.0546327057954965
474,"Youden",-0.6967353952,0.858247423,2,FALSE,0.680275624461671,0.696862310815799,-0.0165866863541282
474,"Distance",-1.98969072165,0.858247423,1,FALSE,0.645650301464255,0.655174110988064,-0.00952380952380949
475,"Youden",-0.3316151203,1.219072165,1,FALSE,0.75041220622616,0.688396702350191,0.0620155038759691
475,"Distance",-1.68685567015,1.219072165,1,FALSE,0.738353636028055,0.668930724744678,0.0694229112833763
476,"Youden",-0.74828178695,2.5206185565,2,FALSE,0.710545096591608,0.664722529838809,0.0458225667527994
476,"Distance",-0.74828178695,2.5206185565,2,FALSE,0.710545096591608,0.664722529838809,0.0458225667527994
477,"Youden",-0.53350515465,0.6112542955,1,FALSE,0.704269718223207,0.689479512735327,0.0147902054878799
477,"Distance",-1.6825601375,1.219072165,1,FALSE,0.661178786760182,0.683745539559493,-0.0225667527993109
478,"Youden",-1.0060137457,0.858247423,1,FALSE,0.764488741232927,0.690143964562569,0.0743447766703581
478,"Distance",-1.4656357388,0.858247423,1,FALSE,0.742955580164883,0.683770148886428,0.0591854312784545
479,"Youden",-1.63101374575,2.056701031,1,FALSE,0.729568106312292,0.67525532176695,0.0543127845453427
479,"Distance",-1.63101374575,2.056701031,1,FALSE,0.729568106312292,0.67525532176695,0.0543127845453427
480,"Youden",-0.6387457045,0.1323024055,1,FALSE,0.760723514211886,0.666961978589886,0.0937615356220007
480,"Distance",-1.63101374575,0.858247423,1,FALSE,0.706632213608958,0.691866617448013,0.014765596160945
481,"Youden",-2.36125429555,0.6112542955,1,FALSE,0.700307616586686,0.648480374061769,0.051827242524917
481,"Distance",-2.36125429555,0.6112542955,1,FALSE,0.700307616586686,0.648480374061769,0.051827242524917
482,"Youden",-1.4742268041,0.6112542955,1,FALSE,0.752897748246585,0.691891226774948,0.0610065214716377
482,"Distance",-1.4742268041,2.056701031,1,FALSE,0.735917312661499,0.674910791189861,0.0610065214716378
483,"Youden",-0.07817869415,0.1323024055,2,FALSE,0.659234649932324,0.650769041466716,0.00846560846560851
483,"Distance",-1.63101374575,1.47895189,1,FALSE,0.637898363479759,0.675624461670973,-0.0377260981912144
484,"Youden",-0.3316151203,0.1323024055,1,FALSE,0.682490463885813,0.666617448012797,0.0158730158730158
484,"Distance",-1.63101374575,0.806701031,1,FALSE,0.660169804355851,0.691866617448013,-0.031696813092162
485,"Youden",-0.6387457045,0.858247423,1,FALSE,0.790303925187646,0.696862310815799,0.0934416143718469
485,"Distance",-1.98969072165,0.858247423,1,FALSE,0.763086009597638,0.655174110988064,0.107911898609573
486,"Youden",-0.3316151203,0.6112542955,1,FALSE,0.688790451581149,0.696886920142734,-0.00809646856158486
486,"Distance",-1.63101374575,0.858247423,1,FALSE,0.684459210040605,0.691866617448013,-0.00740740740740742
487,"Youden",-1.63101374575,-0.12757731955,2,FALSE,0.701119724375538,0.654583487141627,0.0465362372339118
487,"Distance",-1.63101374575,2.6323024055,1,FALSE,0.682662729174357,0.65901316598991,0.0236495631844469
488,"Youden",-1.68685567015,2.056701031,1,FALSE,0.759911406423034,0.660440506952135,0.0994708994708995
488,"Distance",-1.68685567015,2.056701031,1,FALSE,0.759911406423034,0.660440506952135,0.0994708994708995
489,"Youden",-1.63101374575,0.606958763,1,FALSE,0.7208317952504,0.692235757352036,0.0285960378983634
489,"Distance",-1.63101374575,1.47895189,1,FALSE,0.696099421680817,0.675624461670973,0.0204749600098438
490,"Youden",-0.69029209625,0.6112542955,2,FALSE,0.719798203519134,0.697231450719823,0.0225667527993109
490,"Distance",-1.3711340206,1.47895189,1,FALSE,0.706312292358804,0.6671834625323,0.0391288298265042
491,"Youden",-0.535652921,0.858247423,1,FALSE,0.759271563922727,0.689110372831303,0.0701611910914237
491,"Distance",-1.56872852235,0.858247423,1,FALSE,0.746179401993356,0.684114679463517,0.0620647225298389
492,"Youden",-1.01030927835,0.858247423,1,FALSE,0.760329764980928,0.690143964562569,0.0701858004183585
492,"Distance",-1.01030927835,0.858247423,1,FALSE,0.760329764980928,0.690143964562569,0.0701858004183585
493,"Youden",-1.63101374575,0.858247423,1,FALSE,0.761707887289283,0.691866617448013,0.0698412698412698
493,"Distance",-1.63101374575,2.681701031,1,FALSE,0.752479389688692,0.65901316598991,0.0934662236987818
494,"Youden",-0.3316151203,0.609106529,1,FALSE,0.642229605020303,0.696886920142734,-0.0546573151224314
494,"Distance",-1.63101374575,0.609106529,1,FALSE,0.636889381075428,0.692235757352036,-0.0553463762766089
495,"Youden",-0.3316151203,0.130154639,1,FALSE,0.681063122923588,0.666617448012797,0.0144456749107912
495,"Distance",-1.63101374575,2.058848797,1,FALSE,0.637873754152824,0.67525532176695,-0.0373815676141258
496,"Youden",-1.63101374575,0.858247423,1,FALSE,0.722923588039867,0.691866617448013,0.0310569705918543
496,"Distance",-1.63101374575,2.058848797,1,FALSE,0.713695090439276,0.67525532176695,0.0384397686723268
497,"Youden",-0.707474226833333,-0.673109965666667,1,TRUE,0.644444444444444,0.644444444444444,0
497,"Distance",-1.63101374575,2.058848797,1,FALSE,0.604380460194414,0.67525532176695,-0.070874861572536
498,"Youden",-0.3316151203,0.6112542955,1,FALSE,0.681702965423896,0.696886920142734,-0.0151839547188385
498,"Distance",-1.57731958765,0.858247423,1,FALSE,0.652368647717485,0.684114679463517,-0.0317460317460317
499,"Youden",-0.69029209625,0.6112542955,2,FALSE,0.71275993601575,0.697231450719823,0.0155284852959271
499,"Distance",-1.63101374575,0.6112542955,1,FALSE,0.686575612157007,0.692235757352036,-0.005660145195029
500,"Youden",-0.3316151203,0.609106529,1,FALSE,0.766654362003199,0.696886920142734,0.0697674418604651
500,"Distance",-1.3711340206,0.858247423,1,FALSE,0.722160698904885,0.683425618309339,0.0387350805955458
501,"Youden",-0.53350515465,0.6112542955,1,FALSE,0.760378983634798,0.689479512735327,0.0708994708994709
501,"Distance",-1.4742268041,2.058848797,1,FALSE,0.722529838808909,0.674910791189861,0.0476190476190476
502,"Youden",-1.63101374575,1.219072165,1,FALSE,0.76099421680817,0.683745539559493,0.0772486772486772
502,"Distance",-1.63101374575,1.219072165,1,FALSE,0.76099421680817,0.683745539559493,0.0772486772486772
503,"Youden",-1.63101374575,0.6112542955,1,FALSE,0.699298634182355,0.692235757352036,0.0070628768303187
503,"Distance",-1.63101374575,2.7246563575,1,FALSE,0.697822074566261,0.65901316598991,0.0388089085763504
504,"Youden",-1.63101374575,0.6112542955,1,FALSE,0.698929494278332,0.692235757352036,0.00669373692629505
504,"Distance",-1.63101374575,0.6112542955,1,FALSE,0.698929494278332,0.692235757352036,0.00669373692629505
505,"Youden",-0.6967353952,1.0107388315,2,FALSE,0.689479512735327,0.680989294942783,0.00849021779254333
505,"Distance",-0.6967353952,3.0382302405,2,FALSE,0.679881875230712,0.640014765596161,0.0398671096345514
506,"Youden",-1.63101374575,0.858247423,1,FALSE,0.700307616586686,0.691866617448013,0.00844099913867358
506,"Distance",-1.63101374575,0.858247423,1,FALSE,0.700307616586686,0.691866617448013,0.00844099913867358
507,"Youden",-1.63101374575,0.858247423,1,FALSE,0.731389196505476,0.691866617448013,0.0395225790574628
507,"Distance",-1.63101374575,2.5206185565,1,FALSE,0.698535745047373,0.66713424387843,0.031401501168943
508,"Youden",-1.63101374575,0.6112542955,1,FALSE,0.731020056601452,0.692235757352036,0.0387842992494155
508,"Distance",-1.63101374575,0.6112542955,1,FALSE,0.731020056601452,0.692235757352036,0.0387842992494155
509,"Youden",-1.4656357388,1.0622852235,1,FALSE,0.744776670358066,0.667897133013412,0.0768795373446536
509,"Distance",-1.4656357388,1.0622852235,1,FALSE,0.744776670358066,0.667897133013412,0.0768795373446536
510,"Youden",-0.32946735395,0.806701031,1,FALSE,0.72755014150363,0.688765842254214,0.0387842992494155
510,"Distance",-1.3711340206,0.806701031,1,FALSE,0.721865386981666,0.683425618309339,0.0384397686723268
511,"Youden",-1.63101374575,0.6112542955,1,FALSE,0.739461055740125,0.692235757352036,0.047225298388089
511,"Distance",-1.63101374575,1.219072165,1,FALSE,0.738722775932078,0.683745539559493,0.0549772363725852
512,"Youden",-0.6967353952,2.5206185565,2,FALSE,0.750781346130183,0.672129937246216,0.078651408883967
512,"Distance",-1.6825601375,2.5206185565,1,FALSE,0.73837824535499,0.66713424387843,0.0712440014765596
513,"Youden",-0.6387457045,1.47895189,1,FALSE,0.719773594192199,0.68062015503876,0.0391534391534392
513,"Distance",-1.63101374575,1.47895189,1,FALSE,0.700652147163775,0.675624461670973,0.0250276854928019
514,"Youden",-1.63101374575,0.130154639,1,FALSE,0.715934539190353,0.661966285222099,0.0539682539682539
514,"Distance",-1.63101374575,0.806701031,1,FALSE,0.698215823797219,0.691866617448013,0.00634920634920633
515,"Youden",-1.72766323025,0.858247423,1,FALSE,0.715836101882613,0.677051802633198,0.0387842992494155
515,"Distance",-1.72766323025,0.858247423,1,FALSE,0.715836101882613,0.677051802633198,0.0387842992494155
516,"Youden",-0.6967353952,-0.07817869415,4,FALSE,0.682490463885813,0.659579180509413,0.0229112833763996
516,"Distance",-1.63101374575,0.6112542955,1,FALSE,0.638636643287806,0.692235757352036,-0.0535991140642303
517,"Youden",-1.01030927835,1.47895189,1,FALSE,0.689774824658546,0.67390180878553,0.0158730158730158
517,"Distance",-1.6825601375,1.47895189,1,FALSE,0.669275255321767,0.675624461670973,-0.00634920634920633
518,"Youden",-1.4742268041,0.609106529,1,FALSE,0.677051802633198,0.691891226774948,-0.0148394241417498
518,"Distance",-1.4742268041,0.609106529,1,FALSE,0.677051802633198,0.691891226774948,-0.0148394241417498
519,"Youden",-0.54209621995,1.219072165,1,FALSE,0.767737172388335,0.68874123292728,0.0789959394610557
519,"Distance",-0.54209621995,2.058848797,1,FALSE,0.758508674787745,0.680251015134736,0.0782576596530085
520,"Youden",-0.707474226833333,-0.673109965666667,1,TRUE,0.666666666666667,0.644444444444444,0.0222222222222221
520,"Distance",-1.63101374575,1.219072165,1,FALSE,0.627316352897748,0.683745539559493,-0.0564291866617448
521,"Youden",-0.69029209625,0.759450172,2,FALSE,0.689134982158238,0.689110372831303,2.46093269349323e-05
521,"Distance",-2.3097079038,0.759450172,1,FALSE,0.662606127722407,0.64035929617325,0.0222468315491572
522,"Youden",-1.6825601375,0.6112542955,1,FALSE,0.690463885812723,0.692235757352036,-0.00177187153931346
522,"Distance",-1.98969072165,0.6112542955,1,FALSE,0.676338132152086,0.655543250892088,0.0207948812599975
523,"Youden",-1.3711340206,-0.12757731955,2,FALSE,0.700430663221361,0.646142488002953,0.0542881752184077
523,"Distance",-2.87671821305,1.219072165,1,FALSE,0.648111234157746,0.6255198720315,0.0225913621262458
524,"Youden",-0.69029209625,2.5206185565,2,FALSE,0.734883720930233,0.672129937246216,0.0627537836840163
524,"Distance",-0.69029209625,2.5206185565,2,FALSE,0.734883720930233,0.672129937246216,0.0627537836840163
525,"Youden",-1.01030927835,1.219072165,1,FALSE,0.76099421680817,0.682022886674049,0.0789713301341208
525,"Distance",-1.01030927835,1.219072165,1,FALSE,0.76099421680817,0.682022886674049,0.0789713301341208
526,"Youden",-1.0060137457,2.681701031,1,FALSE,0.689011935523563,0.657290513104467,0.0317214224190968
526,"Distance",-1.63101374575,0.5597079035,1,FALSE,0.677740863787375,0.668979943398548,0.00876092038882736
527,"Youden",-1.0060137457,0.806701031,1,FALSE,0.758927033345638,0.690143964562569,0.0687830687830687
527,"Distance",-1.63101374575,1.219072165,1,FALSE,0.714777900824412,0.683745539559493,0.0310323612649194
528,"Youden",-1.01030927835,0.6112542955,1,FALSE,0.745834871416267,0.690513104466593,0.0553217669496738
528,"Distance",-1.01030927835,0.806701031,1,FALSE,0.737713793527747,0.690143964562569,0.0475698289651778
529,"Youden",-1.63101374575,1.219072165,1,FALSE,0.698191214470284,0.683745539559493,0.0144456749107912
529,"Distance",-1.63101374575,1.219072165,1,FALSE,0.698191214470284,0.683745539559493,0.0144456749107912
530,"Youden",-1.6825601375,-0.2242268041,2,FALSE,0.655986218776916,0.64683154915713,0.00915466961978595
530,"Distance",-1.6825601375,1.0622852235,1,FALSE,0.630146425495263,0.675993601574997,-0.0458471760797342
531,"Youden",-1.4742268041,0.6112542955,1,FALSE,0.729937246216316,0.691891226774948,0.0380460194413682
531,"Distance",-1.4742268041,0.858247423,1,FALSE,0.729568106312292,0.691522086870924,0.0380460194413683
532,"Youden",-1.63101374575,0.1323024055,1,FALSE,0.723661867847914,0.661966285222099,0.0616955826258151
532,"Distance",-1.63101374575,0.5597079035,1,FALSE,0.722923588039867,0.668979943398548,0.0539436446413191
533,"Youden",-1.01030927835,2.681701031,1,FALSE,0.783167220376523,0.657290513104467,0.125876707272056
533,"Distance",-1.01030927835,2.681701031,1,FALSE,0.783167220376523,0.657290513104467,0.125876707272056
534,"Youden",-1.4742268041,0.6112542955,1,FALSE,0.72218530823182,0.691891226774948,0.0302940814568721
534,"Distance",-1.4742268041,0.858247423,1,FALSE,0.721816168327796,0.691522086870924,0.0302940814568722
535,"Youden",-0.6967353952,2.6323024055,2,FALSE,0.710594315245478,0.664008859357697,0.0465854558877814
535,"Distance",-1.98969072165,2.6323024055,1,FALSE,0.677002583979328,0.622320659529962,0.0546819244493663
536,"Youden",-1.220790378,0.609106529,1,FALSE,0.696124031007752,0.683450227636274,0.0126738033714777
536,"Distance",-1.63101374575,0.609106529,1,FALSE,0.690783807062877,0.692235757352036,-0.00145195028915968
537,"Youden",-1.4742268041,0.6112542955,1,FALSE,0.787080103359173,0.691891226774948,0.0951888765842254
537,"Distance",-1.4742268041,1.219072165,1,FALSE,0.770837947582134,0.683401008982404,0.0874369385997293
538,"Youden",-1.63101374575,0.6112542955,1,FALSE,0.737369262950658,0.692235757352036,0.0451335055986218
538,"Distance",-1.63101374575,0.6112542955,1,FALSE,0.737369262950658,0.692235757352036,0.0451335055986218
539,"Youden",-0.3316151203,0.6112542955,1,FALSE,0.712046265534638,0.696886920142734,0.0151593453919034
539,"Distance",-1.4742268041,1.0622852235,1,FALSE,0.69255567860219,0.675649070997908,0.0169066076042821
540,"Youden",-0.32946735395,0.6112542955,1,FALSE,0.704318936877076,0.689134982158238,0.0151839547188384
540,"Distance",-1.98969072165,1.219072165,1,FALSE,0.639645625692137,0.647053033099545,-0.00740740740740742
541,"Youden",-1.63101374575,0.130154639,1,FALSE,0.714507198228128,0.661966285222099,0.0525409130060293
541,"Distance",-1.63101374575,2.681701031,1,FALSE,0.703802141011443,0.65901316598991,0.0447889750215331
542,"Youden",-1.05970790375,0.759450172,1,FALSE,0.674615479266642,0.682392026578073,-0.00777654731143096
542,"Distance",-1.05970790375,0.759450172,1,FALSE,0.674615479266642,0.682392026578073,-0.00777654731143096
543,"Youden",-1.6288659794,0.6112542955,1,FALSE,0.761363356712194,0.692235757352036,0.0691275993601574
543,"Distance",-1.6288659794,0.858247423,1,FALSE,0.76099421680817,0.691866617448013,0.0691275993601574
544,"Youden",-0.3316151203,1.219072165,1,FALSE,0.750805955457118,0.688396702350191,0.0624092531069276
544,"Distance",-2.8251718213,1.219072165,1,FALSE,0.739780976990279,0.6255198720315,0.114261104958779
545,"Youden",-0.32946735395,0.5597079035,1,FALSE,0.720511874000246,0.66587916820475,0.0546327057954965
545,"Distance",-1.63101374575,1.47895189,1,FALSE,0.707001353512981,0.675624461670973,0.0313768918420082
546,"Youden",-0.32946735395,0.609106529,1,FALSE,0.774800049218654,0.689134982158238,0.0856650670604159
546,"Distance",-1.63101374575,0.609106529,1,FALSE,0.739830195644149,0.692235757352036,0.0475944382921126
547,"Youden",-1.4742268041,1.0622852235,1,FALSE,0.736655592469546,0.675649070997908,0.0610065214716378
547,"Distance",-1.4742268041,1.0622852235,1,FALSE,0.736655592469546,0.675649070997908,0.0610065214716378
548,"Youden",-1.6825601375,0.6112542955,1,FALSE,0.753955949304786,0.692235757352036,0.06172019195275
548,"Distance",-1.6825601375,0.6112542955,1,FALSE,0.753955949304786,0.692235757352036,0.06172019195275
549,"Youden",-1.0060137457,1.47895189,1,FALSE,0.791337516918912,0.67390180878553,0.117435708133383
549,"Distance",-1.0060137457,2.058848797,1,FALSE,0.783216439030393,0.673532668881506,0.109683770148886
550,"Youden",-0.6387457045,2.058848797,1,FALSE,0.775464501045896,0.680251015134736,0.0952134859111603
550,"Distance",-0.6387457045,2.058848797,1,FALSE,0.775464501045896,0.680251015134736,0.0952134859111603
551,"Youden",-1.63101374575,0.806701031,1,FALSE,0.722529838808909,0.691866617448013,0.0306632213608957
551,"Distance",-1.63101374575,0.806701031,1,FALSE,0.722529838808909,0.691866617448013,0.0306632213608957
552,"Youden",-1.4742268041,0.858247423,1,FALSE,0.707764242647964,0.691522086870924,0.0162421557770395
552,"Distance",-1.4742268041,0.858247423,1,FALSE,0.707764242647964,0.691522086870924,0.0162421557770395
553,"Youden",-0.69029209625,0.6112542955,2,FALSE,0.73567121939215,0.697231450719823,0.0384397686723268
553,"Distance",-1.4742268041,0.6112542955,1,FALSE,0.724990771502399,0.691891226774948,0.0330995447274517
554,"Youden",-1.56872852235,2.058848797,1,FALSE,0.72078257659653,0.667503383782454,0.0532791928140766
554,"Distance",-1.56872852235,2.058848797,1,FALSE,0.72078257659653,0.667503383782454,0.0532791928140766
555,"Youden",-0.69029209625,0.858247423,2,FALSE,0.719724375538329,0.696862310815799,0.0228620647225298
555,"Distance",-1.57731958765,0.858247423,1,FALSE,0.713695090439276,0.684114679463517,0.0295804109757598
556,"Youden",-1.4742268041,2.20919244,1,FALSE,0.791632828842131,0.674910791189861,0.11672203765227
556,"Distance",-1.4742268041,2.20919244,1,FALSE,0.791632828842131,0.674910791189861,0.11672203765227
557,"Youden",-0.69029209625,0.6112542955,2,FALSE,0.736015749969238,0.697231450719823,0.0387842992494155
557,"Distance",-0.69029209625,2.5206185565,2,FALSE,0.703162298511136,0.672129937246216,0.0310323612649195
558,"Youden",-1.4742268041,0.6112542955,1,FALSE,0.69932324350929,0.691891226774948,0.00743201673434224
558,"Distance",-1.4742268041,0.858247423,1,FALSE,0.690833025716747,0.691522086870924,-0.000689061154177439
559,"Youden",-1.57731958765,2.5206185565,1,FALSE,0.777162544604405,0.659382305893934,0.117780238710471
559,"Distance",-1.57731958765,2.5206185565,1,FALSE,0.777162544604405,0.659382305893934,0.117780238710471
560,"Youden",-1.6825601375,-0.17912371135,1,FALSE,0.69265411590993,0.64683154915713,0.0458225667527994
560,"Distance",-1.6825601375,0.858247423,1,FALSE,0.674935400516796,0.691866617448013,-0.0169312169312169
561,"Youden",-0.07817869415,0.6112542955,2,FALSE,0.672917435708133,0.681038513596653,-0.00812107788851979
561,"Distance",-1.220790378,0.806701031,1,FALSE,0.637578442229605,0.683081087732251,-0.0455026455026455
562,"Youden",-1.01030927835,0.6112542955,1,FALSE,0.698289651778024,0.690513104466593,0.00777654731143096
562,"Distance",-1.4742268041,0.806701031,1,FALSE,0.68448381936754,0.691522086870924,-0.00703826750338377
563,"Youden",-1.63101374575,1.47895189,1,FALSE,0.723563430540175,0.675624461670973,0.0479389688692015
563,"Distance",-1.63101374575,1.47895189,1,FALSE,0.723563430540175,0.675624461670973,0.0479389688692015
564,"Youden",-1.63101374575,0.858247423,1,FALSE,0.745465731512243,0.691866617448013,0.0535991140642303
564,"Distance",-1.63101374575,0.858247423,1,FALSE,0.745465731512243,0.691866617448013,0.0535991140642303
565,"Youden",-0.07817869415,2.058848797,2,FALSE,0.743398548049711,0.664058078011566,0.0793404700381445
565,"Distance",-1.63101374575,2.058848797,1,FALSE,0.73030638612034,0.67525532176695,0.0550510643533899
566,"Youden",-1.63101374575,0.6112542955,1,FALSE,0.689110372831303,0.692235757352036,-0.00312538452073341
566,"Distance",-2.3097079038,1.219072165,1,FALSE,0.651654977236373,0.639990156269226,0.0116648209671465
567,"Youden",-0.64518900345,0.6112542955,1,FALSE,0.712784545342685,0.697231450719823,0.015553094622862
567,"Distance",-1.63101374575,2.058848797,1,FALSE,0.706312292358804,0.67525532176695,0.0310569705918543
568,"Youden",-0.69029209625,2.681701031,2,FALSE,0.703875968992248,0.664008859357697,0.0398671096345514
568,"Distance",-1.56872852235,2.681701031,1,FALSE,0.698535745047373,0.651261228005414,0.0472745170419588
569,"Youden",-1.4742268041,-0.12757731955,2,FALSE,0.677150239940938,0.654238956564538,0.0229112833763997
569,"Distance",-1.4742268041,0.858247423,1,FALSE,0.65906238464378,0.691522086870924,-0.0324597022271441
570,"Youden",-1.57731958765,0.6112542955,1,FALSE,0.694327550141504,0.68448381936754,0.00984373077396328
570,"Distance",-1.57731958765,2.058848797,1,FALSE,0.693220130429433,0.667503383782454,0.0257167466469792
571,"Youden",-1.63101374575,2.681701031,1,FALSE,0.704860342069644,0.65901316598991,0.0458471760797341
571,"Distance",-1.63101374575,2.681701031,1,FALSE,0.704860342069644,0.65901316598991,0.0458471760797341
572,"Youden",-0.69029209625,0.6112542955,2,FALSE,0.775144579795743,0.697231450719823,0.0779131290759197
572,"Distance",-1.220790378,0.806701031,1,FALSE,0.738427464008859,0.683081087732251,0.0553463762766089
573,"Youden",-0.69029209625,2.058848797,2,FALSE,0.735941921988434,0.680251015134736,0.0556909068536975
573,"Distance",-0.69029209625,2.058848797,2,FALSE,0.735941921988434,0.680251015134736,0.0556909068536975
574,"Youden",-0.69029209625,-0.07817869415,4,FALSE,0.682490463885813,0.659579180509413,0.0229112833763996
574,"Distance",-1.3711340206,0.609106529,1,FALSE,0.66051433493294,0.683794758213363,-0.0232804232804233
575,"Youden",-0.3316151203,0.858247423,1,FALSE,0.696197858988557,0.69651778023871,-0.000319921250153787
575,"Distance",-1.68685567015,1.219072165,1,FALSE,0.660489725606005,0.668930724744678,-0.00844099913867358
576,"Youden",-0.6967353952,0.609106529,2,FALSE,0.78395471883844,0.697231450719823,0.0867232681186169
576,"Distance",-1.4742268041,0.609106529,1,FALSE,0.771551618063246,0.691891226774948,0.0796603912882983
577,"Youden",-1.63101374575,0.858247423,1,FALSE,0.769755137196998,0.691866617448013,0.0778885197489848
577,"Distance",-1.63101374575,1.3737113405,1,FALSE,0.769385997292974,0.675624461670973,0.0937615356220007
578,"Youden",-0.6967353952,2.058848797,1,FALSE,0.735277470161191,0.680251015134736,0.055026455026455
578,"Distance",-1.63101374575,2.058848797,1,FALSE,0.714777900824412,0.67525532176695,0.0395225790574627
579,"Youden",-0.69029209625,2.681701031,2,FALSE,0.664722529838809,0.664008859357697,0.000713670481112261
579,"Distance",-1.6825601375,2.681701031,1,FALSE,0.644912021656208,0.65901316598991,-0.0141011443337026
580,"Youden",-1.220790378,-0.80627147765,3,FALSE,0.660637381567614,0.630663221360896,0.0299741602067183
580,"Distance",-1.4656357388,0.858247423,1,FALSE,0.619908945490341,0.683770148886428,-0.0638612033960871
581,"Youden",-1.63101374575,1.219072165,1,FALSE,0.73030638612034,0.683745539559493,0.0465608465608466
581,"Distance",-1.63101374575,2.058848797,1,FALSE,0.729937246216316,0.67525532176695,0.0546819244493663
582,"Youden",-1.63101374575,1.47895189,1,FALSE,0.767638735080596,0.675624461670973,0.0920142734096223
582,"Distance",-1.63101374575,1.47895189,1,FALSE,0.767638735080596,0.675624461670973,0.0920142734096223
583,"Youden",-0.3316151203,0.806701031,1,FALSE,0.813559739141134,0.69651778023871,0.117041958902424
583,"Distance",-1.220790378,2.058848797,1,FALSE,0.80681678356097,0.666469792051187,0.140346991509782
584,"Youden",-1.63101374575,-0.22637457045,2,FALSE,0.692284976005906,0.64683154915713,0.0454534268487757
584,"Distance",-1.63101374575,0.1323024055,1,FALSE,0.668290882244371,0.661966285222099,0.00632459702227139
585,"Youden",0.08505154655,1.47895189,1,FALSE,0.656699889258029,0.648923341946598,0.00777654731143107
585,"Distance",-1.63101374575,2.058848797,1,FALSE,0.638242894056848,0.67525532176695,-0.0370124277101022
586,"Youden",-1.01030927835,0.6112542955,1,FALSE,0.72895287313892,0.690513104466593,0.0384397686723268
586,"Distance",-1.63101374575,0.6112542955,1,FALSE,0.707764242647964,0.692235757352036,0.0155284852959271
587,"Youden",-0.69029209625,2.058848797,2,FALSE,0.705278700627538,0.680251015134736,0.0250276854928018
587,"Distance",-0.69029209625,2.058848797,2,FALSE,0.705278700627538,0.680251015134736,0.0250276854928018
588,"Youden",-1.68685567015,0.858247423,1,FALSE,0.762741479020549,0.677051802633198,0.0856896763873508
588,"Distance",-1.68685567015,2.20919244,1,FALSE,0.746499323243509,0.660440506952135,0.0860588162913745
589,"Youden",-1.0060137457,1.47895189,1,FALSE,0.727131782945736,0.67390180878553,0.0532299741602067
589,"Distance",-1.57731958765,1.47895189,1,FALSE,0.720757967269595,0.667872523686477,0.052885443583118
590,"Youden",-1.63101374575,0.609106529,1,FALSE,0.731733727082564,0.692235757352036,0.0394979697305278
590,"Distance",-1.63101374575,0.858247423,1,FALSE,0.731364587178541,0.691866617448013,0.0394979697305279
591,"Youden",-1.63101374575,0.6112542955,1,FALSE,0.746179401993356,0.692235757352036,0.0539436446413191
591,"Distance",-1.63101374575,0.6112542955,1,FALSE,0.746179401993356,0.692235757352036,0.0539436446413191
592,"Youden",-0.74828178695,2.681701031,2,FALSE,0.6791682047496,0.656601451950289,0.022566752799311
592,"Distance",-1.4742268041,2.681701031,1,FALSE,0.658668635412822,0.658668635412822,0
593,"Youden",-0.07817869415,1.47895189,2,FALSE,0.664082687338501,0.66442721791559,-0.00034453057708872
593,"Distance",-1.63101374575,1.47895189,1,FALSE,0.636520241171404,0.675624461670973,-0.0391042204995693
594,"Youden",-0.3316151203,0.858247423,1,FALSE,0.687683031869078,0.69651778023871,-0.00883474836963216
594,"Distance",-1.63101374575,0.858247423,1,FALSE,0.660809646856159,0.691866617448013,-0.0310569705918543
595,"Youden",-1.4742268041,1.0622852235,1,FALSE,0.729568106312292,0.675649070997908,0.0539190353143842
595,"Distance",-1.4742268041,1.0622852235,1,FALSE,0.729568106312292,0.675649070997908,0.0539190353143842
596,"Youden",-0.69029209625,2.058848797,2,FALSE,0.696837701488864,0.680251015134736,0.0165866863541282
596,"Distance",-1.3711340206,2.5206185565,1,FALSE,0.675279931093885,0.658693244739756,0.0165866863541283
597,"Youden",-1.3711340206,0.6112542955,1,FALSE,0.705278700627538,0.683794758213363,0.021483942414175
597,"Distance",-1.63101374575,0.6112542955,1,FALSE,0.691842008121078,0.692235757352036,-0.000393749230958584
598,"Youden",-0.6967353952,0.7573024055,2,FALSE,0.713055247938969,0.689110372831303,0.0239448751076657
598,"Distance",-1.4742268041,0.7573024055,1,FALSE,0.699963086009598,0.683770148886428,0.0161929371231696
599,"Youden",-1.4742268041,0.858247423,1,FALSE,0.746523932570444,0.691522086870924,0.05500184569952
599,"Distance",-2.36125429555,0.858247423,1,FALSE,0.740150116894303,0.648111234157746,0.0920388827365571
600,"Youden",-1.6825601375,0.858247423,1,FALSE,0.698954103605266,0.691866617448013,0.00708748615725363
600,"Distance",-1.6825601375,0.858247423,1,FALSE,0.698954103605266,0.691866617448013,0.00708748615725363
601,"Youden",-0.3316151203,2.5206185565,1,FALSE,0.765546942291128,0.671785406669128,0.0937615356220007
601,"Distance",-1.3711340206,2.5206185565,1,FALSE,0.737639965546942,0.658693244739756,0.0789467208071859
602,"Youden",-1.4742268041,0.858247423,1,FALSE,0.691546696197859,0.691522086870924,2.46093269349323e-05
602,"Distance",-1.4742268041,0.858247423,1,FALSE,0.691546696197859,0.691522086870924,2.46093269349323e-05
603,"Youden",-1.63101374575,2.058848797,1,FALSE,0.729912636889381,0.67525532176695,0.0546573151224314
603,"Distance",-1.63101374575,2.058848797,1,FALSE,0.729912636889381,0.67525532176695,0.0546573151224314
604,"Youden",-1.63101374575,1.47895189,1,FALSE,0.714753291497478,0.675624461670973,0.0391288298265043
604,"Distance",-1.63101374575,1.47895189,1,FALSE,0.714753291497478,0.675624461670973,0.0391288298265043
605,"Youden",-0.3316151203,0.858247423,1,FALSE,0.657019810508183,0.69651778023871,-0.0394979697305279
605,"Distance",-1.220790378,2.5206185565,1,FALSE,0.650227636274148,0.658348714162668,-0.00812107788851968
606,"Youden",-0.69029209625,0.858247423,2,FALSE,0.720807185923465,0.696862310815799,0.0239448751076657
606,"Distance",-0.69029209625,0.858247423,2,FALSE,0.720807185923465,0.696862310815799,0.0239448751076657
607,"Youden",-1.4656357388,1.219072165,1,FALSE,0.722529838808909,0.675649070997908,0.0468807678110004
607,"Distance",-1.4656357388,2.058848797,1,FALSE,0.722160698904885,0.667158853205365,0.0550018456995202
608,"Youden",-1.0060137457,1.219072165,1,FALSE,0.712735326688815,0.682022886674049,0.0307124400147656
608,"Distance",-1.63101374575,1.219072165,1,FALSE,0.706706041589762,0.683745539559493,0.0229605020302694
609,"Youden",-1.6825601375,2.5206185565,1,FALSE,0.84557647348345,0.66713424387843,0.17844222960502
609,"Distance",-1.6825601375,2.5206185565,1,FALSE,0.84557647348345,0.66713424387843,0.17844222960502
610,"Youden",-0.01804123695,0.6112542955,1,FALSE,0.69656699889258,0.673286575612157,0.0232804232804232
610,"Distance",-1.4742268041,2.681701031,1,FALSE,0.651630367909438,0.658668635412822,-0.00703826750338388
611,"Youden",-1.63101374575,2.5206185565,1,FALSE,0.690783807062877,0.66713424387843,0.0236495631844469
611,"Distance",-1.63101374575,2.5206185565,1,FALSE,0.690783807062877,0.66713424387843,0.0236495631844469
612,"Youden",-0.6967353952,0.6112542955,2,FALSE,0.681383044173742,0.697231450719823,-0.015848406546081
612,"Distance",-1.63101374575,0.6112542955,1,FALSE,0.676387350805955,0.692235757352036,-0.015848406546081
613,"Youden",-1.01030927835,0.858247423,1,FALSE,0.713768918420081,0.690143964562569,0.0236249538575121
613,"Distance",-1.63101374575,0.858247423,1,FALSE,0.699987695336532,0.691866617448013,0.00812107788851968
614,"Youden",-1.63101374575,0.609106529,1,FALSE,0.723292727943891,0.692235757352036,0.0310569705918543
614,"Distance",-1.63101374575,2.058848797,1,FALSE,0.698191214470284,0.67525532176695,0.0229358927033345
615,"Youden",-0.3316151203,0.858247423,1,FALSE,0.650006152331734,0.69651778023871,-0.0465116279069767
615,"Distance",-2.8251718213,0.858247423,1,FALSE,0.624855420204257,0.63364094992002,-0.0087855297157623
616,"Youden",-0.3316151203,2.7246563575,1,FALSE,0.75848406546081,0.663664328780608,0.0948197366802017
616,"Distance",-0.3316151203,2.7246563575,1,FALSE,0.75848406546081,0.663664328780608,0.0948197366802017
617,"Youden",-1.63101374575,1.219072165,1,FALSE,0.730330995447275,0.683745539559493,0.0465854558877815
617,"Distance",-1.63101374575,2.681701031,1,FALSE,0.713350559862188,0.65901316598991,0.0543373938722775
618,"Youden",-0.69029209625,0.858247423,2,FALSE,0.695779500430663,0.696862310815799,-0.00108281038513591
618,"Distance",-1.63101374575,0.858247423,1,FALSE,0.682687338501292,0.691866617448013,-0.00917927894672077
619,"Youden",-1.05970790375,0.4909793815,2,FALSE,0.697575981296912,0.659505352528608,0.0380706287683032
619,"Distance",-1.4742268041,0.4909793815,2,FALSE,0.684828349944629,0.660883474836963,0.0239448751076659
620,"Youden",-1.63101374575,0.858247423,1,FALSE,0.699938476682663,0.691866617448013,0.00807185923464993
620,"Distance",-1.63101374575,0.858247423,1,FALSE,0.699938476682663,0.691866617448013,0.00807185923464993
621,"Youden",-0.32946735395,-0.12757731955,2,FALSE,0.674763135228251,0.651482711947828,0.0232804232804232
621,"Distance",-1.4742268041,0.858247423,1,FALSE,0.598055863172142,0.691522086870924,-0.0934662236987819
622,"Youden",-1.4742268041,0.806701031,1,FALSE,0.745834871416267,0.691522086870924,0.0543127845453426
622,"Distance",-1.63101374575,0.806701031,1,FALSE,0.738771994585948,0.691866617448013,0.0469053771379353
623,"Youden",-0.69029209625,1.219072165,2,FALSE,0.71020056601452,0.68874123292728,0.02145933308724
623,"Distance",-0.69029209625,1.219072165,2,FALSE,0.71020056601452,0.68874123292728,0.02145933308724
624,"Youden",-0.74828178695,1.219072165,2,FALSE,0.812796850006152,0.681333825519872,0.13146302448628
624,"Distance",-1.4742268041,1.219072165,1,FALSE,0.799015626922604,0.683401008982404,0.115614617940199
625,"Youden",-1.01030927835,2.058848797,1,FALSE,0.734145441122185,0.673532668881506,0.0606127722406792
625,"Distance",-1.01030927835,2.058848797,1,FALSE,0.734145441122185,0.673532668881506,0.0606127722406792
626,"Youden",-1.63101374575,-0.74828178695,3,FALSE,0.707838070628768,0.639448751076658,0.0683893195521104
626,"Distance",-1.63101374575,0.858247423,1,FALSE,0.681629137443091,0.691866617448013,-0.0102374800049219
627,"Youden",-1.0060137457,1.691580756,1,FALSE,0.681678356096961,0.658028792912514,0.0236495631844469
627,"Distance",-1.42268041235,2.5206185565,1,FALSE,0.659406915220869,0.651285837332349,0.00812107788851979
628,"Youden",-1.01030927835,0.606958763,1,FALSE,0.719748984865264,0.690513104466593,0.0292358803986711
628,"Distance",-1.63101374575,0.606958763,1,FALSE,0.70734588409007,0.692235757352036,0.0151101267380337
629,"Youden",-0.1254295533,0.609106529,1,FALSE,0.720167343423157,0.673631106189246,0.0465362372339116
629,"Distance",-1.63101374575,1.219072165,1,FALSE,0.693244739756368,0.683745539559493,0.00949920019687467
630,"Youden",-0.6387457045,0.1323024055,1,FALSE,0.667675649070998,0.666961978589886,0.000713670481112261
630,"Distance",-1.63101374575,0.609106529,1,FALSE,0.65379598867971,0.692235757352036,-0.0384397686723269
631,"Youden",-1.01030927835,1.219072165,1,FALSE,0.782871908453304,0.682022886674049,0.100849021779254
631,"Distance",-1.56872852235,1.219072165,1,FALSE,0.753931339977852,0.675993601574997,0.0779377384028547
632,"Youden",-0.3316151203,0.858247423,1,FALSE,0.72755014150363,0.69651778023871,0.0310323612649194
632,"Distance",-1.63101374575,1.219072165,1,FALSE,0.6911529469669,0.683745539559493,0.00740740740740742
633,"Youden",-0.535652921,0.806701031,1,FALSE,0.735646610065215,0.689110372831303,0.0465362372339116
633,"Distance",-1.98969072165,2.058848797,1,FALSE,0.699569336778639,0.638562815307001,0.0610065214716378
634,"Youden",-1.11340206185,2.5206185565,1,FALSE,0.765891472868217,0.658004183585579,0.107887289282638
634,"Distance",-1.11340206185,2.5206185565,1,FALSE,0.765891472868217,0.658004183585579,0.107887289282638
635,"Youden",-0.6967353952,0.1323024055,2,FALSE,0.682441245231943,0.666961978589886,0.0154792666420572
635,"Distance",-1.63101374575,0.4909793815,2,FALSE,0.645305770887166,0.661228005414052,-0.0159222345268857
636,"Youden",-0.07817869415,0.6112542955,2,FALSE,0.719822812846069,0.681038513596653,0.0387842992494155
636,"Distance",-1.6825601375,0.858247423,1,FALSE,0.691866617448013,0.691866617448013,0
637,"Youden",-0.3316151203,0.1323024055,1,FALSE,0.743816906607604,0.666617448012797,0.0771994585948074
637,"Distance",-1.63101374575,0.858247423,1,FALSE,0.69255567860219,0.691866617448013,0.000689061154177439
638,"Youden",-0.69029209625,1.216924399,2,FALSE,0.696173249661622,0.68874123292728,0.00743201673434224
638,"Distance",-1.63101374575,1.216924399,1,FALSE,0.683081087732251,0.683745539559493,-0.000664451827242507
639,"Youden",-0.3316151203,0.6112542955,1,FALSE,0.752553217669497,0.696886920142734,0.0556662975267626
639,"Distance",-1.4742268041,0.806701031,1,FALSE,0.739436446413191,0.691522086870924,0.0479143595422665
640,"Youden",-0.69029209625,0.858247423,2,FALSE,0.649612403100775,0.696862310815799,-0.047249907715024
640,"Distance",-2.3097079038,0.858247423,1,FALSE,0.630490956072351,0.648111234157746,-0.0176202780853943
641,"Youden",-0.69029209625,0.6112542955,2,FALSE,0.703900578319183,0.697231450719823,0.00666912759936011
641,"Distance",-1.0554123711,0.6112542955,1,FALSE,0.697182232065953,0.690513104466593,0.00666912759936011
642,"Youden",-1.4742268041,0.606958763,1,FALSE,0.715540789959395,0.691891226774948,0.0236495631844469
642,"Distance",-1.63101374575,0.858247423,1,FALSE,0.691866617448013,0.691866617448013,0
643,"Youden",-0.6967353952,2.058848797,2,FALSE,0.665091669742833,0.680251015134736,-0.0151593453919036
643,"Distance",-0.6967353952,2.681701031,2,FALSE,0.664722529838809,0.664008859357697,0.000713670481112261
644,"Youden",-0.69029209625,2.681701031,2,FALSE,0.694672080718592,0.664008859357697,0.0306632213608957
644,"Distance",-1.220790378,2.681701031,1,FALSE,0.681235388212132,0.650227636274148,0.0310077519379844
645,"Youden",-0.69029209625,0.858247423,2,FALSE,0.727525532176695,0.696862310815799,0.0306632213608957
645,"Distance",-1.98969072165,0.858247423,1,FALSE,0.714088839670235,0.655174110988064,0.0589147286821705
646,"Youden",-1.6825601375,-0.2242268041,2,FALSE,0.66974283253353,0.64683154915713,0.0229112833763997
646,"Distance",-1.6825601375,2.5206185565,1,FALSE,0.635043681555309,0.66713424387843,-0.0320905623231205
647,"Youden",-0.6387457045,0.858247423,1,FALSE,0.697600590623846,0.696862310815799,0.000738279808047193
647,"Distance",-1.63101374575,2.058848797,1,FALSE,0.685123661867848,0.67525532176695,0.00986834010089821
648,"Youden",-0.535652921,0.7551546395,1,FALSE,0.744136827857758,0.681358434846807,0.0627783930109512
648,"Distance",-1.4656357388,2.681701031,1,FALSE,0.714039621016365,0.650916697428325,0.0631229235880398
649,"Youden",-0.64518900345,0.07646048095,1,FALSE,0.729026701119724,0.651458102620893,0.077568598498831
649,"Distance",-1.63101374575,2.675257732,1,FALSE,0.675279931093885,0.65901316598991,0.0162667651039744
650,"Youden",-1.4742268041,2.5206185565,1,FALSE,0.67380337147779,0.666789713301341,0.00701365817644894
650,"Distance",-1.4742268041,1.47895189,1,FALSE,0.659037775316845,0.675279931093885,-0.0162421557770396
651,"Youden",-1.42268041235,1.47895189,1,FALSE,0.729223575735204,0.659776055124892,0.0694475206103113
651,"Distance",-1.42268041235,1.47895189,1,FALSE,0.729223575735204,0.659776055124892,0.0694475206103113
652,"Youden",-1.63101374575,0.6112542955,1,FALSE,0.708477913129076,0.692235757352036,0.0162421557770395
652,"Distance",-1.63101374575,0.858247423,1,FALSE,0.707739633321029,0.691866617448013,0.0158730158730158
653,"Youden",-1.63101374575,1.219072165,1,FALSE,0.683401008982404,0.683745539559493,-0.00034453057708872
653,"Distance",-1.63101374575,1.219072165,1,FALSE,0.683401008982404,0.683745539559493,-0.00034453057708872
654,"Youden",-1.01030927835,0.6112542955,1,FALSE,0.71411344899717,0.690513104466593,0.023600344530577
654,"Distance",-1.01030927835,2.058848797,1,FALSE,0.69676387350806,0.673532668881506,0.0232312046265535
655,"Youden",-0.44329896905,0.609106529,1,FALSE,0.736384889873262,0.689479512735327,0.0469053771379353
655,"Distance",-1.3711340206,2.5206185565,1,FALSE,0.682318198597268,0.658693244739756,0.0236249538575121
656,"Youden",-3.03350515465,-0.8470790378,2,FALSE,0.672523686477175,0.574160206718346,0.0983634797588286
656,"Distance",-3.03350515465,0.130154639,1,FALSE,0.655912390796112,0.596677740863787,0.0592346499323244
657,"Youden",-1.01030927835,1.0622852235,1,FALSE,0.70599237110865,0.674270948689553,0.0317214224190968
657,"Distance",-1.68685567015,1.0622852235,1,FALSE,0.69255567860219,0.661178786760182,0.0313768918420081
658,"Youden",-1.6825601375,0.609106529,1,FALSE,0.762421557770395,0.692235757352036,0.0701858004183585
658,"Distance",-1.6825601375,0.609106529,1,FALSE,0.762421557770395,0.692235757352036,0.0701858004183585
659,"Youden",-1.63101374575,2.20919244,1,FALSE,0.722529838808909,0.67525532176695,0.0472745170419588
659,"Distance",-1.63101374575,2.20919244,1,FALSE,0.722529838808909,0.67525532176695,0.0472745170419588
660,"Youden",-1.63101374575,1.219072165,1,FALSE,0.708108773225052,0.683745539559493,0.0243632336655593
660,"Distance",-1.63101374575,2.058848797,1,FALSE,0.707370493417005,0.67525532176695,0.0321151716500553
661,"Youden",-0.69029209625,1.216924399,2,FALSE,0.728583733234896,0.68874123292728,0.0398425003076165
661,"Distance",-1.4742268041,2.058848797,1,FALSE,0.70874861572536,0.674910791189861,0.0338378245354989
662,"Youden",-1.63101374575,2.681701031,1,FALSE,0.665706902916205,0.65901316598991,0.00669373692629505
662,"Distance",-1.63101374575,2.681701031,1,FALSE,0.665706902916205,0.65901316598991,0.00669373692629505
663,"Youden",-1.63101374575,0.806701031,1,FALSE,0.728583733234896,0.691866617448013,0.0367171157868832
663,"Distance",-1.63101374575,0.806701031,1,FALSE,0.728583733234896,0.691866617448013,0.0367171157868832
664,"Youden",-1.63101374575,2.6323024055,1,FALSE,0.728485295927156,0.65901316598991,0.0694721299372462
664,"Distance",-1.63101374575,2.6323024055,1,FALSE,0.728485295927156,0.65901316598991,0.0694721299372462
665,"Youden",-1.63101374575,0.609106529,1,FALSE,0.691177556293835,0.692235757352036,-0.00105820105820109
665,"Distance",-1.63101374575,1.219072165,1,FALSE,0.682318198597268,0.683745539559493,-0.00142734096222463
666,"Youden",-1.05970790375,2.211340206,1,FALSE,0.781789098068168,0.673532668881506,0.108256429186662
666,"Distance",-1.68685567015,2.681701031,1,FALSE,0.775046142488003,0.644198351175095,0.130847791312908
667,"Youden",-1.4742268041,0.1902920965,1,FALSE,0.715565399286329,0.645748738771995,0.0698166605143349
667,"Distance",-1.4742268041,0.806701031,1,FALSE,0.698584963701243,0.691522086870924,0.0070628768303187
668,"Youden",-0.6967353952,2.7246563575,2,FALSE,0.718297034576104,0.664008859357697,0.0542881752184078
668,"Distance",-1.4656357388,2.7246563575,1,FALSE,0.70589393380091,0.650916697428325,0.0549772363725851
669,"Youden",-0.6967353952,1.219072165,2,FALSE,0.696124031007752,0.68874123292728,0.00738279808047237
669,"Distance",-1.01030927835,1.219072165,1,FALSE,0.690094745908699,0.682022886674049,0.00807185923464993
670,"Youden",-1.220790378,0.6112542955,1,FALSE,0.684139288790452,0.683450227636274,0.000689061154177439
670,"Distance",-1.63101374575,0.6112542955,1,FALSE,0.670013535129814,0.692235757352036,-0.0222222222222223
671,"Youden",-0.3316151203,2.681701031,1,FALSE,0.774037160083672,0.663664328780608,0.110372831303064
671,"Distance",-0.3316151203,2.681701031,1,FALSE,0.774037160083672,0.663664328780608,0.110372831303064
672,"Youden",-1.63101374575,-0.0824742268,1,FALSE,0.723341946597761,0.654583487141627,0.0687584594561339
672,"Distance",-1.63101374575,0.609106529,1,FALSE,0.706361511012674,0.692235757352036,0.0141257536606373
673,"Youden",-1.98969072165,-0.7998281787,3,FALSE,0.655986218776916,0.60275624461671,0.0532299741602067
673,"Distance",-1.98969072165,0.858247423,1,FALSE,0.653402239448751,0.655174110988064,-0.00177187153931335
674,"Youden",-0.69029209625,0.609106529,2,FALSE,0.697206841392888,0.697231450719823,-2.46093269349323e-05
674,"Distance",-1.4656357388,0.806701031,1,FALSE,0.683745539559493,0.683770148886428,-2.46093269349323e-05
675,"Youden",-0.69029209625,2.058848797,2,FALSE,0.719748984865264,0.680251015134736,0.0394979697305279
675,"Distance",-1.27448453605,2.058848797,1,FALSE,0.691842008121078,0.65906238464378,0.0327796234772979
676,"Youden",-0.3316151203,2.058848797,1,FALSE,0.789565645379599,0.679906484557647,0.109659160821951
676,"Distance",-1.01030927835,2.058848797,1,FALSE,0.783191829703458,0.673532668881506,0.109659160821951
677,"Youden",-0.0738831615,0.1323024055,1,FALSE,0.644050695213486,0.650769041466716,-0.00671834625322998
677,"Distance",-1.63101374575,0.6112542955,1,FALSE,0.623132767318814,0.692235757352036,-0.0691029900332226
678,"Youden",-2.8251718213,0.606958763,1,FALSE,0.692900209179279,0.634010089824043,0.0588901193552357
678,"Distance",-2.8251718213,0.606958763,1,FALSE,0.692900209179279,0.634010089824043,0.0588901193552357
679,"Youden",-1.4656357388,0.609106529,1,FALSE,0.691866617448013,0.684139288790452,0.00772732865756121
679,"Distance",-1.4656357388,0.609106529,1,FALSE,0.691866617448013,0.684139288790452,0.00772732865756121
680,"Youden",-1.01030927835,0.6112542955,1,FALSE,0.751150486034207,0.690513104466593,0.0606373815676141
680,"Distance",-2.3097079038,0.6112542955,1,FALSE,0.746154792666421,0.648480374061769,0.0976744186046512
681,"Youden",-0.535652921,0.858247423,1,FALSE,0.681358434846807,0.689110372831303,-0.00775193798449614
681,"Distance",-1.220790378,0.858247423,1,FALSE,0.676018210901932,0.683081087732251,-0.0070628768303187
682,"Youden",-1.63101374575,0.6112542955,1,FALSE,0.776473483450228,0.692235757352036,0.0842377260981911
682,"Distance",-1.63101374575,0.6112542955,1,FALSE,0.776473483450228,0.692235757352036,0.0842377260981911
683,"Youden",-0.3316151203,2.5206185565,1,FALSE,0.765940691522087,0.671785406669128,0.0941552848529593
683,"Distance",-1.01030927835,2.5206185565,1,FALSE,0.744752061031131,0.665411590992986,0.0793404700381445
684,"Youden",-1.98969072165,0.609106529,1,FALSE,0.802534760674296,0.655543250892088,0.146991509782207
684,"Distance",-1.98969072165,0.609106529,1,FALSE,0.802534760674296,0.655543250892088,0.146991509782207
685,"Youden",-1.63101374575,2.6323024055,1,FALSE,0.752159468438538,0.65901316598991,0.093146302448628
685,"Distance",-1.63101374575,2.6323024055,1,FALSE,0.752159468438538,0.65901316598991,0.093146302448628
686,"Youden",-1.0060137457,0.609106529,1,FALSE,0.721840777654731,0.690513104466593,0.0313276731881382
686,"Distance",-1.63101374575,0.609106529,1,FALSE,0.708059554571183,0.692235757352036,0.0158237972191461
687,"Youden",-1.3711340206,-0.7998281787,3,FALSE,0.660981912144703,0.631007751937985,0.0299741602067183
687,"Distance",-1.3711340206,0.6112542955,1,FALSE,0.649907715023994,0.683794758213363,-0.0338870431893687
688,"Youden",-0.32946735395,2.7246563575,1,FALSE,0.718690783807063,0.655912390796112,0.0627783930109511
688,"Distance",-1.01030927835,3.0382302405,1,FALSE,0.711947828226898,0.633296419342931,0.078651408883967
689,"Youden",-0.69029209625,0.609106529,2,FALSE,0.665165497723637,0.697231450719823,-0.0320659529961856
689,"Distance",-2.3097079038,0.609106529,1,FALSE,0.632951888765842,0.648480374061769,-0.0155284852959271
690,"Youden",-1.57731958765,0.6112542955,1,FALSE,0.753242278823674,0.68448381936754,0.0687584594561338
690,"Distance",-1.57731958765,0.6112542955,1,FALSE,0.753242278823674,0.68448381936754,0.0687584594561338
691,"Youden",-0.3316151203,0.6112542955,1,FALSE,0.697625199950781,0.696886920142734,0.000738279808047193
691,"Distance",-1.63101374575,2.058848797,1,FALSE,0.676362741479021,0.67525532176695,0.00110741971207085
692,"Youden",-0.69029209625,2.058848797,2,FALSE,0.688027562446167,0.680251015134736,0.00777654731143107
692,"Distance",-1.63101374575,2.058848797,1,FALSE,0.683376399655469,0.67525532176695,0.00812107788851968
693,"Youden",-1.63101374575,0.609106529,1,FALSE,0.706361511012674,0.692235757352036,0.0141257536606373
693,"Distance",-1.63101374575,0.858247423,1,FALSE,0.698240433124154,0.691866617448013,0.00637381567614126
694,"Youden",-0.3316151203,0.858247423,1,FALSE,0.718690783807063,0.69651778023871,0.0221730035683524
694,"Distance",-1.63101374575,0.858247423,1,FALSE,0.706287683031869,0.691866617448013,0.0144210655838563
695,"Youden",-1.220790378,0.858247423,1,FALSE,0.698929494278332,0.683081087732251,0.015848406546081
695,"Distance",-1.220790378,0.858247423,1,FALSE,0.698929494278332,0.683081087732251,0.015848406546081
696,"Youden",-1.4656357388,0.806701031,1,FALSE,0.776891842008121,0.683770148886428,0.0931216931216932
696,"Distance",-1.4656357388,1.219072165,1,FALSE,0.744776670358066,0.675649070997908,0.0691275993601576
697,"Youden",-1.4742268041,1.47895189,1,FALSE,0.722554448135843,0.675279931093885,0.0472745170419588
697,"Distance",-1.4742268041,2.5206185565,1,FALSE,0.72218530823182,0.666789713301341,0.0553955949304786
698,"Youden",-1.4656357388,-0.12757731955,2,FALSE,0.70077519379845,0.646487018580042,0.0542881752184078
698,"Distance",-1.4656357388,2.211340206,1,FALSE,0.666814322628276,0.667158853205365,-0.00034453057708872
699,"Youden",-1.4656357388,0.5597079035,1,FALSE,0.70739510274394,0.660883474836963,0.0465116279069767
699,"Distance",-1.4656357388,0.858247423,1,FALSE,0.69927402485542,0.683770148886428,0.0155038759689923
700,"Youden",-1.220790378,0.1323024055,1,FALSE,0.700430663221361,0.653180755506337,0.0472499077150239
700,"Distance",-1.220790378,2.211340206,1,FALSE,0.634723760305156,0.666469792051187,-0.0317460317460317
701,"Youden",0.02706185555,2.058848797,2,FALSE,0.695459579180509,0.65630614002707,0.0391534391534392
701,"Distance",-1.4742268041,2.058848797,1,FALSE,0.690808416389812,0.674910791189861,0.0158976251999507
702,"Youden",-1.0554123711,2.681701031,1,FALSE,0.75041220622616,0.657290513104467,0.0931216931216932
702,"Distance",-1.3711340206,2.681701031,1,FALSE,0.735941921988434,0.650572166851237,0.0853697551371969
703,"Youden",-0.64518900345,0.6112542955,1,FALSE,0.728239202657807,0.697231450719823,0.0310077519379844
703,"Distance",-1.4742268041,0.806701031,1,FALSE,0.714433370247324,0.691522086870924,0.0229112833763997
704,"Youden",-1.4742268041,0.606958763,1,FALSE,0.769459825273779,0.691891226774948,0.077568598498831
704,"Distance",-1.4742268041,0.858247423,1,FALSE,0.769090685369755,0.691522086870924,0.077568598498831
705,"Youden",-1.63101374575,1.0622852235,1,FALSE,0.769779746523933,0.675993601574997,0.0937861449489357
705,"Distance",-1.63101374575,1.0622852235,1,FALSE,0.769779746523933,0.675993601574997,0.0937861449489357
706,"Youden",-0.3316151203,2.056701031,1,FALSE,0.765227021040975,0.679906484557647,0.0853205364833272
706,"Distance",-1.220790378,2.056701031,1,FALSE,0.729568106312292,0.666469792051187,0.063098314261105
707,"Youden",-0.3316151203,1.0622852235,1,FALSE,0.805069521348591,0.680644764365695,0.124424756982896
707,"Distance",-0.69029209625,1.0622852235,2,FALSE,0.798006644518272,0.680989294942783,0.117017349575489
708,"Youden",-1.3711340206,1.219072165,1,FALSE,0.673532668881506,0.67530454042082,-0.00177187153931346
708,"Distance",-1.63101374575,1.219072165,1,FALSE,0.666814322628276,0.683745539559493,-0.0169312169312169
709,"Youden",-0.6967353952,0.609106529,2,FALSE,0.721914605635536,0.697231450719823,0.024683154915713
709,"Distance",-1.4742268041,2.5206185565,1,FALSE,0.692186538698167,0.666789713301341,0.0253968253968254
710,"Youden",-0.3316151203,-0.12757731955,2,FALSE,0.66838931955211,0.659234649932324,0.00915466961978584
710,"Distance",-1.01030927835,2.058848797,1,FALSE,0.627636274147902,0.673532668881506,-0.0458963947336041
711,"Youden",-0.64518900345,-0.12757731955,2,FALSE,0.690611541774332,0.659579180509413,0.0310323612649194
711,"Distance",-1.6825601375,0.858247423,1,FALSE,0.659800664451827,0.691866617448013,-0.0320659529961855
712,"Youden",-0.69029209625,1.219072165,2,FALSE,0.673951027439399,0.68874123292728,-0.01479020548788
712,"Distance",-1.63101374575,1.219072165,1,FALSE,0.662581518395472,0.683745539559493,-0.0211640211640212
713,"Youden",-0.0738831615,0.1323024055,1,FALSE,0.66698658791682,0.650769041466716,0.0162175464501045
713,"Distance",-1.63101374575,2.058848797,1,FALSE,0.636101882613511,0.67525532176695,-0.0391534391534392
714,"Youden",-1.63101374575,1.219072165,1,FALSE,0.707370493417005,0.683745539559493,0.023624953857512
714,"Distance",-1.63101374575,1.219072165,1,FALSE,0.707370493417005,0.683745539559493,0.023624953857512
715,"Youden",-1.63101374575,0.6112542955,1,FALSE,0.721865386981666,0.692235757352036,0.0296296296296296
715,"Distance",-1.63101374575,0.858247423,1,FALSE,0.713744309093146,0.691866617448013,0.0218776916451334
716,"Youden",-1.4742268041,0.6112542955,1,FALSE,0.745834871416267,0.691891226774948,0.053943644641319
716,"Distance",-1.4742268041,1.219072165,1,FALSE,0.737344653623723,0.683401008982404,0.0539436446413191
717,"Youden",-1.3711340206,-0.17912371135,1,FALSE,0.722997416020672,0.638390550018457,0.0846068660022148
717,"Distance",-1.6825601375,2.681701031,1,FALSE,0.697452934662237,0.65901316598991,0.0384397686723268
718,"Youden",-0.3316151203,0.858247423,1,FALSE,0.696173249661622,0.69651778023871,-0.00034453057708872
718,"Distance",-1.63101374575,0.858247423,1,FALSE,0.684803740617694,0.691866617448013,-0.0070628768303187
719,"Youden",-1.63101374575,0.858247423,1,FALSE,0.778614494893565,0.691866617448013,0.0867478774455518
719,"Distance",-1.63101374575,0.858247423,1,FALSE,0.778614494893565,0.691866617448013,0.0867478774455518
720,"Youden",-0.6967353952,0.5597079035,2,FALSE,0.728263811984742,0.673975636766334,0.0542881752184078
720,"Distance",-1.63101374575,0.806701031,1,FALSE,0.692580287929125,0.691866617448013,0.000713670481112261
721,"Youden",-1.63101374575,0.609106529,1,FALSE,0.660489725606005,0.692235757352036,-0.0317460317460317
721,"Distance",-1.63101374575,1.3737113405,1,FALSE,0.660120585701981,0.675624461670973,-0.0155038759689922
722,"Youden",-1.63101374575,2.056701031,1,FALSE,0.739067306509167,0.67525532176695,0.0638119847422173
722,"Distance",-1.63101374575,2.056701031,1,FALSE,0.739067306509167,0.67525532176695,0.0638119847422173
723,"Youden",-0.69029209625,1.47895189,2,FALSE,0.743349329395841,0.68062015503876,0.0627291743570813
723,"Distance",-1.01030927835,2.211340206,1,FALSE,0.735917312661499,0.673532668881506,0.0623846437799926
724,"Youden",-1.4742268041,0.606958763,1,FALSE,0.707050572166851,0.691891226774948,0.0151593453919036
724,"Distance",-1.4742268041,2.681701031,1,FALSE,0.70594315245478,0.658668635412822,0.0472745170419588
725,"Youden",-1.05970790375,0.6112542955,1,FALSE,0.728239202657807,0.690513104466593,0.0377260981912144
725,"Distance",-1.4742268041,0.6112542955,1,FALSE,0.707739633321029,0.691891226774948,0.0158484065460809
726,"Youden",-1.01030927835,2.5206185565,1,FALSE,0.705967761781715,0.665411590992986,0.040556170788729
726,"Distance",-1.01030927835,2.5206185565,1,FALSE,0.705967761781715,0.665411590992986,0.040556170788729
727,"Youden",-1.63101374575,0.6112542955,1,FALSE,0.722923588039867,0.692235757352036,0.0306878306878307
727,"Distance",-1.63101374575,0.858247423,1,FALSE,0.72218530823182,0.691866617448013,0.030318690783807
728,"Youden",-0.6387457045,0.606958763,1,FALSE,0.729297403716008,0.697231450719823,0.0320659529961855
728,"Distance",-0.6387457045,2.5206185565,1,FALSE,0.711947828226898,0.672129937246216,0.0398178909806817
729,"Youden",-1.6202749141,0.858247423,1,FALSE,0.706681432262828,0.691866617448013,0.0148148148148148
729,"Distance",-1.6202749141,1.219072165,1,FALSE,0.706312292358804,0.683745539559493,0.022566752799311
730,"Youden",-0.707474226833333,-0.673109965666667,1,TRUE,0.659259259259259,0.644444444444444,0.0148148148148147
730,"Distance",-1.3711340206,0.6112542955,1,FALSE,0.612870677986957,0.683794758213363,-0.0709240802264058
731,"Youden",-0.3316151203,0.6112542955,1,FALSE,0.70463885812723,0.696886920142734,0.00775193798449614
731,"Distance",-1.4742268041,0.858247423,1,FALSE,0.700283007259751,0.691522086870924,0.00876092038882736
732,"Youden",-1.4742268041,0.6112542955,1,FALSE,0.713399778516058,0.691891226774948,0.0215085517411099
732,"Distance",-1.4742268041,0.806701031,1,FALSE,0.704909560723514,0.691522086870924,0.0133874738525901
733,"Youden",-1.63101374575,0.806701031,1,FALSE,0.705278700627538,0.691866617448013,0.013412083179525
733,"Distance",-1.63101374575,0.806701031,1,FALSE,0.705278700627538,0.691866617448013,0.013412083179525
734,"Youden",-1.4656357388,1.47895189,1,FALSE,0.776473483450228,0.667527993109388,0.108945490340839
734,"Distance",-1.4656357388,2.211340206,1,FALSE,0.776104343546204,0.667158853205365,0.108945490340839
735,"Youden",-1.6288659794,-0.12757731955,2,FALSE,0.691965054755752,0.654583487141627,0.0373815676141258
735,"Distance",-1.6288659794,0.6112542955,1,FALSE,0.683105697059185,0.692235757352036,-0.00913006029285102
736,"Youden",-0.3316151203,0.806701031,1,FALSE,0.751150486034207,0.69651778023871,0.0546327057954965
736,"Distance",-1.01030927835,2.7246563575,1,FALSE,0.742955580164883,0.657290513104467,0.0856650670604159
737,"Youden",-1.63101374575,0.606958763,1,FALSE,0.729297403716008,0.692235757352036,0.0370616463639719
737,"Distance",-1.63101374575,0.858247423,1,FALSE,0.720807185923465,0.691866617448013,0.0289405684754521
738,"Youden",-1.0060137457,0.858247423,1,FALSE,0.736335671219392,0.690143964562569,0.0461917066568229
738,"Distance",-1.63101374575,0.858247423,1,FALSE,0.73030638612034,0.691866617448013,0.0384397686723268
739,"Youden",-1.57731958765,0.609106529,1,FALSE,0.77723637258521,0.68448381936754,0.0927525532176694
739,"Distance",-2.36125429555,0.858247423,1,FALSE,0.75427587055494,0.648111234157746,0.106164636397195
740,"Youden",-1.63101374575,0.609106529,1,FALSE,0.793084779131291,0.692235757352036,0.100849021779254
740,"Distance",-1.63101374575,1.219072165,1,FALSE,0.776473483450228,0.683745539559493,0.0927279438907346
741,"Youden",-1.6825601375,2.211340206,1,FALSE,0.689725606004676,0.67525532176695,0.0144702842377261
741,"Distance",-1.6825601375,2.211340206,1,FALSE,0.689725606004676,0.67525532176695,0.0144702842377261
742,"Youden",-0.69029209625,0.858247423,2,FALSE,0.688765842254214,0.696862310815799,-0.00809646856158486
742,"Distance",-1.63101374575,2.058848797,1,FALSE,0.644567491079119,0.67525532176695,-0.0306878306878307
743,"Youden",-1.63101374575,2.058848797,1,FALSE,0.72885443583118,0.67525532176695,0.0535991140642303
743,"Distance",-1.63101374575,2.058848797,1,FALSE,0.72885443583118,0.67525532176695,0.0535991140642303
744,"Youden",-1.3711340206,0.858247423,1,FALSE,0.713350559862188,0.683425618309339,0.0299249415528485
744,"Distance",-1.3711340206,0.858247423,1,FALSE,0.713350559862188,0.683425618309339,0.0299249415528485
745,"Youden",-0.69029209625,0.606958763,2,FALSE,0.743078626799557,0.697231450719823,0.0458471760797342
745,"Distance",-1.4742268041,2.20919244,1,FALSE,0.713006029285099,0.674910791189861,0.0380952380952381
746,"Youden",-1.63101374575,0.6112542955,1,FALSE,0.730700135351298,0.692235757352036,0.0384643779992616
746,"Distance",-1.63101374575,0.858247423,1,FALSE,0.729961855543251,0.691866617448013,0.0380952380952381
747,"Youden",-0.69029209625,0.1323024055,2,FALSE,0.651458102620893,0.666961978589886,-0.0155038759689923
747,"Distance",-1.63101374575,0.5597079035,1,FALSE,0.614667158853205,0.668979943398548,-0.0543127845453427
748,"Youden",-0.69029209625,0.858247423,2,FALSE,0.71130798572659,0.696862310815799,0.0144456749107912
748,"Distance",-1.63101374575,0.858247423,1,FALSE,0.690808416389812,0.691866617448013,-0.00105820105820109
749,"Youden",-0.69029209625,1.47895189,2,FALSE,0.71130798572659,0.68062015503876,0.0306878306878307
749,"Distance",-1.4742268041,2.5206185565,1,FALSE,0.67525532176695,0.666789713301341,0.00846560846560851
750,"Youden",-0.3316151203,1.219072165,1,FALSE,0.728608342561831,0.688396702350191,0.0402116402116403
750,"Distance",-1.4656357388,2.058848797,1,FALSE,0.706656822935893,0.667158853205365,0.0394979697305279
751,"Youden",-0.69029209625,0.806701031,2,FALSE,0.696148640334687,0.696862310815799,-0.000713670481112372
751,"Distance",-1.63101374575,0.806701031,1,FALSE,0.661523317337271,0.691866617448013,-0.0303433001107419
752,"Youden",-0.3316151203,-0.12757731955,2,FALSE,0.659579180509413,0.659234649932324,0.00034453057708872
752,"Distance",-1.63101374575,1.219072165,1,FALSE,0.615331610680448,0.683745539559493,-0.0684139288790452
753,"Youden",-0.69029209625,2.058848797,2,FALSE,0.806496862310816,0.680251015134736,0.12624584717608
753,"Distance",-1.220790378,2.058848797,1,FALSE,0.800123046634675,0.666469792051187,0.133653254583487
754,"Youden",-0.07817869415,2.058848797,2,FALSE,0.718715393133998,0.664058078011566,0.0546573151224314
754,"Distance",-1.57731958765,2.058848797,1,FALSE,0.675993601574997,0.667503383782454,0.00849021779254333
755,"Youden",-0.6387457045,1.0622852235,1,FALSE,0.737073951027439,0.680989294942783,0.056084656084656
755,"Distance",-1.5257731959,1.47895189,1,FALSE,0.722579057462778,0.667872523686477,0.0547065337763012
756,"Youden",-1.4742268041,0.858247423,1,FALSE,0.729272794389073,0.691522086870924,0.0377507075181494
756,"Distance",-1.4742268041,0.858247423,1,FALSE,0.729272794389073,0.691522086870924,0.0377507075181494
757,"Youden",-1.63101374575,-0.12757731955,2,FALSE,0.678872892826381,0.654583487141627,0.0242894056847546
757,"Distance",-1.63101374575,1.47895189,1,FALSE,0.677027193306263,0.675624461670973,0.00140273163528981
758,"Youden",-1.4742268041,0.609106529,1,FALSE,0.800812107788852,0.691891226774948,0.108920881013904
758,"Distance",-1.4742268041,0.609106529,1,FALSE,0.800812107788852,0.691891226774948,0.108920881013904
759,"Youden",-1.0060137457,0.609106529,1,FALSE,0.689824043312415,0.690513104466593,-0.000689061154177439
759,"Distance",-1.63101374575,0.806701031,1,FALSE,0.668241663590501,0.691866617448013,-0.0236249538575121
760,"Youden",-1.4742268041,2.058848797,1,FALSE,0.759911406423034,0.674910791189861,0.0850006152331734
760,"Distance",-1.4742268041,2.058848797,1,FALSE,0.759911406423034,0.674910791189861,0.0850006152331734
761,"Youden",-0.3316151203,0.6112542955,1,FALSE,0.734957548911037,0.696886920142734,0.0380706287683031
761,"Distance",-1.05970790375,1.219072165,1,FALSE,0.704220499569337,0.682022886674049,0.0221976128952873
762,"Youden",-1.4742268041,0.609106529,1,FALSE,0.722579057462778,0.691891226774948,0.0306878306878307
762,"Distance",-1.4742268041,2.7246563575,1,FALSE,0.72073335794266,0.658668635412822,0.0620647225298387
763,"Youden",-0.0738831615,2.5206185565,1,FALSE,0.772609819121447,0.655937000123047,0.1166728189984
763,"Distance",-1.57731958765,2.5206185565,1,FALSE,0.767269595176572,0.659382305893934,0.107887289282638
764,"Youden",-0.2328178694,0.6112542955,1,FALSE,0.736040359296173,0.681383044173742,0.0546573151224314
764,"Distance",-0.2328178694,2.7246563575,1,FALSE,0.726442721791559,0.648160452811616,0.0782822689799434
765,"Youden",-0.32946735395,2.7246563575,1,FALSE,0.710225175341454,0.655912390796112,0.0543127845453427
765,"Distance",-1.4742268041,2.7246563575,1,FALSE,0.674566260612772,0.658668635412822,0.0158976251999507
766,"Youden",-0.69029209625,1.0622852235,2,FALSE,0.719773594192199,0.680989294942783,0.0387842992494155
766,"Distance",-1.63101374575,1.0622852235,1,FALSE,0.715811492555679,0.675993601574997,0.0398178909806817
767,"Youden",-1.4742268041,-0.0824742268,1,FALSE,0.722997416020672,0.654238956564538,0.0687584594561339
767,"Distance",-1.4742268041,0.806701031,1,FALSE,0.682022886674049,0.691522086870924,-0.00949920019687467
768,"Youden",-1.69780927835,-0.2242268041,2,FALSE,0.74625322997416,0.632016734342316,0.114236495631844
768,"Distance",-1.69780927835,1.219072165,1,FALSE,0.744038390550019,0.668930724744678,0.0751076658053402
769,"Youden",-1.63101374575,2.211340206,1,FALSE,0.643484680693983,0.67525532176695,-0.0317706410729667
769,"Distance",-1.63101374575,2.211340206,1,FALSE,0.643484680693983,0.67525532176695,-0.0317706410729667
770,"Youden",-1.4742268041,0.858247423,1,FALSE,0.716229851113572,0.691522086870924,0.024707764242648
770,"Distance",-1.4742268041,1.47895189,1,FALSE,0.715491571305525,0.675279931093885,0.0402116402116401
771,"Youden",-1.63101374575,2.058848797,1,FALSE,0.683056478405316,0.67525532176695,0.00780115663836589
771,"Distance",-1.63101374575,2.058848797,1,FALSE,0.683056478405316,0.67525532176695,0.00780115663836589
772,"Youden",-1.63101374575,0.858247423,1,FALSE,0.689750215331611,0.691866617448013,-0.00211640211640218
772,"Distance",-2.3097079038,0.858247423,1,FALSE,0.676313522825151,0.648111234157746,0.028202288667405
773,"Youden",-1.4742268041,2.058848797,1,FALSE,0.72745170419589,0.674910791189861,0.0525409130060293
773,"Distance",-1.4742268041,2.058848797,1,FALSE,0.72745170419589,0.674910791189861,0.0525409130060293
774,"Youden",-1.4742268041,0.6112542955,1,FALSE,0.730330995447275,0.691891226774948,0.0384397686723268
774,"Distance",-1.4742268041,2.056701031,1,FALSE,0.729223575735204,0.674910791189861,0.0543127845453427
775,"Youden",-0.6387457045,0.858247423,1,FALSE,0.736384889873262,0.696862310815799,0.0395225790574628
775,"Distance",-1.56872852235,1.47895189,1,FALSE,0.677396333210287,0.667872523686477,0.00952380952380949
776,"Youden",-1.63101374575,1.0622852235,1,FALSE,0.759936015749969,0.675993601574997,0.0839424141749724
776,"Distance",-1.63101374575,1.0622852235,1,FALSE,0.759936015749969,0.675993601574997,0.0839424141749724
777,"Youden",-2.87671821305,0.806701031,1,FALSE,0.717534145441122,0.63364094992002,0.0838931955211025
777,"Distance",-1.4742268041,0.806701031,1,FALSE,0.715122431401501,0.691522086870924,0.023600344530577
778,"Youden",-0.07817869415,1.47895189,2,FALSE,0.697231450719823,0.66442721791559,0.0328042328042328
778,"Distance",-0.07817869415,2.681701031,2,FALSE,0.688002953119232,0.647815922234527,0.0401870308847053
779,"Youden",-1.6825601375,1.219072165,1,FALSE,0.700283007259751,0.683745539559493,0.0165374677002584
779,"Distance",-1.6825601375,1.219072165,1,FALSE,0.700283007259751,0.683745539559493,0.0165374677002584
780,"Youden",-0.69029209625,0.6112542955,2,FALSE,0.70463885812723,0.697231450719823,0.00740740740740742
780,"Distance",-1.63101374575,3.0382302405,1,FALSE,0.674541651285837,0.635019072228375,0.0395225790574628
781,"Youden",-1.63101374575,0.858247423,1,FALSE,0.769804355850867,0.691866617448013,0.0779377384028547
781,"Distance",-1.63101374575,0.858247423,1,FALSE,0.769804355850867,0.691866617448013,0.0779377384028547
782,"Youden",-0.07817869415,0.858247423,2,FALSE,0.696148640334687,0.680669373692629,0.0154792666420573
782,"Distance",-1.4742268041,0.858247423,1,FALSE,0.677371723883352,0.691522086870924,-0.0141503629875723
783,"Youden",-0.32946735395,1.47895189,1,FALSE,0.727181001599606,0.672523686477175,0.0546573151224313
783,"Distance",-1.57731958765,1.47895189,1,FALSE,0.715122431401501,0.667872523686477,0.0472499077150239
784,"Youden",-1.63101374575,1.219072165,1,FALSE,0.684803740617694,0.683745539559493,0.00105820105820109
784,"Distance",-1.63101374575,1.219072165,1,FALSE,0.684803740617694,0.683745539559493,0.00105820105820109
785,"Youden",-0.64518900345,1.0622852235,1,FALSE,0.719773594192199,0.680989294942783,0.0387842992494155
785,"Distance",-1.63101374575,1.0622852235,1,FALSE,0.685148271194783,0.675993601574997,0.00915466961978595
786,"Youden",-1.6202749141,0.609106529,1,FALSE,0.822345268856897,0.692235757352036,0.13010951150486
786,"Distance",-1.6202749141,0.858247423,1,FALSE,0.806103113079857,0.691866617448013,0.114236495631844
787,"Youden",-1.4742268041,0.858247423,1,FALSE,0.691177556293835,0.691522086870924,-0.00034453057708872
787,"Distance",-1.4742268041,2.5206185565,1,FALSE,0.681949058693245,0.666789713301341,0.0151593453919036
788,"Youden",-0.32946735395,0.858247423,1,FALSE,0.741971207087486,0.688765842254214,0.0532053648332719
788,"Distance",-1.3711340206,0.858247423,1,FALSE,0.729223575735204,0.683425618309339,0.0457979574258645
789,"Youden",-0.2328178694,0.6112542955,1,FALSE,0.704294327550142,0.681383044173742,0.0229112833763997
789,"Distance",-1.63101374575,1.219072165,1,FALSE,0.669988925802879,0.683745539559493,-0.0137566137566137
790,"Youden",-1.63101374575,1.219072165,1,FALSE,0.72218530823182,0.683745539559493,0.0384397686723268
790,"Distance",-1.63101374575,1.219072165,1,FALSE,0.72218530823182,0.683745539559493,0.0384397686723268
791,"Youden",-1.4742268041,0.1902920965,1,FALSE,0.653845207333579,0.645748738771995,0.00809646856158486
791,"Distance",-1.4742268041,0.609106529,1,FALSE,0.652737787621509,0.691891226774948,-0.0391534391534392
792,"Youden",-0.3316151203,0.6112542955,1,FALSE,0.682785775809032,0.696886920142734,-0.0141011443337026
792,"Distance",-1.4742268041,2.5206185565,1,FALSE,0.614987080103359,0.666789713301341,-0.0518026331979821
793,"Youden",-1.4742268041,0.1323024055,1,FALSE,0.738821213239818,0.66162175464501,0.0771994585948074
793,"Distance",-1.4742268041,0.6112542955,1,FALSE,0.705967761781715,0.691891226774948,0.0140765350067675
794,"Youden",-0.69029209625,0.806701031,2,FALSE,0.774800049218654,0.696862310815799,0.0779377384028547
794,"Distance",-1.01030927835,1.47895189,1,FALSE,0.744062999876953,0.67390180878553,0.0701611910914236
795,"Youden",-1.63101374575,2.7246563575,1,FALSE,0.720708748615725,0.65901316598991,0.0616955826258151
795,"Distance",-1.63101374575,2.7246563575,1,FALSE,0.720708748615725,0.65901316598991,0.0616955826258151
796,"Youden",-1.4742268041,2.058848797,1,FALSE,0.753193060169804,0.674910791189861,0.0782822689799434
796,"Distance",-1.4742268041,2.058848797,1,FALSE,0.753193060169804,0.674910791189861,0.0782822689799434
797,"Youden",-1.4742268041,0.6112542955,1,FALSE,0.690808416389812,0.691891226774948,-0.00108281038513602
797,"Distance",-1.63101374575,0.6112542955,1,FALSE,0.683745539559493,0.692235757352036,-0.00849021779254344
798,"Youden",-1.63101374575,0.858247423,1,FALSE,0.731020056601452,0.691866617448013,0.0391534391534392
798,"Distance",-1.63101374575,1.219072165,1,FALSE,0.714777900824412,0.683745539559493,0.0310323612649194
799,"Youden",-0.6387457045,0.858247423,1,FALSE,0.744112218530823,0.696862310815799,0.047249907715024
799,"Distance",-1.4742268041,1.7968213055,1,FALSE,0.707001353512981,0.659406915220869,0.0475944382921127
800,"Youden",-1.57731958765,2.681701031,1,FALSE,0.714359542266519,0.651261228005414,0.0630983142611049
800,"Distance",-1.57731958765,1.47895189,1,FALSE,0.70734588409007,0.667872523686477,0.0394733604035929
801,"Youden",-1.63101374575,0.806701031,1,FALSE,0.769090685369755,0.691866617448013,0.0772240679217423
801,"Distance",-1.63101374575,2.058848797,1,FALSE,0.760231327673188,0.67525532176695,0.0849760059062384
802,"Youden",-0.69029209625,2.058848797,2,FALSE,0.726418112464624,0.680251015134736,0.046167097329888
802,"Distance",-1.63101374575,2.058848797,1,FALSE,0.691448258890119,0.67525532176695,0.0161929371231697
803,"Youden",-0.6387457045,1.219072165,1,FALSE,0.751519625938231,0.68874123292728,0.0627783930109511
803,"Distance",-1.3711340206,2.681701031,1,FALSE,0.690414667158853,0.650572166851237,0.0398425003076166
804,"Youden",-1.01030927835,0.858247423,1,FALSE,0.704614248800295,0.690143964562569,0.0144702842377261
804,"Distance",-1.63101374575,2.058848797,1,FALSE,0.67385259013166,0.67525532176695,-0.00140273163528981
805,"Youden",-1.6825601375,0.806701031,1,FALSE,0.707370493417005,0.691866617448013,0.0155038759689922
805,"Distance",-1.6825601375,1.3737113405,1,FALSE,0.707001353512981,0.675624461670973,0.0313768918420082
806,"Youden",-1.63101374575,2.058848797,1,FALSE,0.690759197735942,0.67525532176695,0.0155038759689923
806,"Distance",-1.63101374575,2.058848797,1,FALSE,0.690759197735942,0.67525532176695,0.0155038759689923
807,"Youden",-0.3316151203,1.0622852235,1,FALSE,0.742684877568598,0.680644764365695,0.0620401132029038
807,"Distance",-1.01030927835,1.0622852235,1,FALSE,0.736655592469546,0.674270948689553,0.0623846437799925
808,"Youden",-1.220790378,2.7246563575,1,FALSE,0.711923218899963,0.650227636274148,0.0616955826258152
808,"Distance",-1.57731958765,2.7246563575,1,FALSE,0.705549403223822,0.651261228005414,0.0542881752184078
809,"Youden",-0.6967353952,0.858247423,2,FALSE,0.69796973052787,0.696862310815799,0.00110741971207085
809,"Distance",-2.36125429555,2.681701031,1,FALSE,0.64562569213732,0.615257782699643,0.0303679094376769
810,"Youden",-0.3316151203,0.6112542955,1,FALSE,0.703580657069029,0.696886920142734,0.00669373692629505
810,"Distance",-1.4742268041,2.058848797,1,FALSE,0.659726836471022,0.674910791189861,-0.0151839547188385
811,"Youden",-0.6387457045,1.219072165,1,FALSE,0.775119970468808,0.68874123292728,0.0863787375415281
811,"Distance",-1.05970790375,1.219072165,1,FALSE,0.753931339977852,0.682022886674049,0.0719084533038021
812,"Youden",-0.3316151203,0.858247423,1,FALSE,0.695754891103728,0.69651778023871,-0.000762889134982125
812,"Distance",-0.6387457045,0.858247423,1,FALSE,0.681284606866002,0.696862310815799,-0.015577703949797
813,"Youden",-1.63101374575,1.219072165,1,FALSE,0.690094745908699,0.683745539559493,0.00634920634920633
813,"Distance",-1.63101374575,1.219072165,1,FALSE,0.690094745908699,0.683745539559493,0.00634920634920633
814,"Youden",-0.69029209625,2.681701031,2,FALSE,0.693564661006521,0.664008859357697,0.0295558016488249
814,"Distance",-0.69029209625,0.858247423,2,FALSE,0.671416266765104,0.696862310815799,-0.0254460440506952
815,"Youden",-0.2328178694,1.219072165,1,FALSE,0.735991140642303,0.672892826381199,0.0630983142611049
815,"Distance",-1.4656357388,1.219072165,1,FALSE,0.732029039005783,0.675649070997908,0.056379968007875
816,"Youden",-1.63101374575,2.058848797,1,FALSE,0.752134859111603,0.67525532176695,0.0768795373446536
816,"Distance",-1.63101374575,2.058848797,1,FALSE,0.752134859111603,0.67525532176695,0.0768795373446536
817,"Youden",-0.3316151203,0.609106529,1,FALSE,0.758951642672573,0.696886920142734,0.0620647225298387
817,"Distance",-1.63101374575,0.858247423,1,FALSE,0.732053648332718,0.691866617448013,0.0401870308847053
818,"Youden",-1.220790378,2.681701031,1,FALSE,0.734834502276363,0.650227636274148,0.0846068660022148
818,"Distance",-1.4742268041,2.681701031,1,FALSE,0.728116156023133,0.658668635412822,0.0694475206103112
819,"Youden",-0.69029209625,0.5597079035,2,FALSE,0.743423157376646,0.673975636766334,0.0694475206103112
819,"Distance",-1.4742268041,0.858247423,1,FALSE,0.722554448135843,0.691522086870924,0.0310323612649194
820,"Youden",-0.3316151203,0.6112542955,1,FALSE,0.720142734096223,0.696886920142734,0.0232558139534884
820,"Distance",-1.68685567015,0.6112542955,1,FALSE,0.685172880521718,0.677420942537222,0.00775193798449614
821,"Youden",-1.63101374575,0.6112542955,1,FALSE,0.761683277962348,0.692235757352036,0.0694475206103112
821,"Distance",-2.36125429555,0.6112542955,1,FALSE,0.754964931709118,0.648480374061769,0.106484557647348
822,"Youden",-0.3316151203,2.681701031,1,FALSE,0.710569705918543,0.663664328780608,0.0469053771379352
822,"Distance",-1.63101374575,2.681701031,1,FALSE,0.706952134859112,0.65901316598991,0.0479389688692013
823,"Youden",-0.32946735395,0.1323024055,1,FALSE,0.689528731389196,0.658865510028301,0.0306632213608957
823,"Distance",-1.57731958765,0.858247423,1,FALSE,0.682318198597268,0.684114679463517,-0.00179648086624828
824,"Youden",-0.6387457045,0.858247423,1,FALSE,0.743398548049711,0.696862310815799,0.0465362372339116
824,"Distance",-1.56872852235,0.858247423,1,FALSE,0.729961855543251,0.684114679463517,0.0458471760797342
825,"Youden",-1.01030927835,0.806701031,1,FALSE,0.721889996308601,0.690143964562569,0.0317460317460317
825,"Distance",-1.4742268041,2.058848797,1,FALSE,0.706656822935893,0.674910791189861,0.0317460317460317
826,"Youden",-0.69029209625,0.6112542955,2,FALSE,0.75292235757352,0.697231450719823,0.0556909068536975
826,"Distance",-1.220790378,0.806701031,1,FALSE,0.731709117755629,0.683081087732251,0.0486280300233788
827,"Youden",-0.64518900345,0.858247423,1,FALSE,0.721963824289406,0.696862310815799,0.0251015134736065
827,"Distance",-1.4742268041,2.058848797,1,FALSE,0.708477913129076,0.674910791189861,0.033567121939215
828,"Youden",-1.63101374575,0.7573024055,1,FALSE,0.700332225913621,0.684114679463517,0.0162175464501045
828,"Distance",-1.63101374575,0.7573024055,1,FALSE,0.700332225913621,0.684114679463517,0.0162175464501045
829,"Youden",-1.4742268041,0.6112542955,1,FALSE,0.744062999876953,0.691891226774948,0.0521717731020056
829,"Distance",-1.63101374575,0.806701031,1,FALSE,0.736630983142611,0.691866617448013,0.0447643656945983
830,"Youden",-1.63101374575,1.47895189,1,FALSE,0.736261843238587,0.675624461670973,0.0606373815676142
830,"Distance",-1.63101374575,1.47895189,1,FALSE,0.736261843238587,0.675624461670973,0.0606373815676142
831,"Youden",-0.3316151203,1.219072165,1,FALSE,0.774800049218654,0.688396702350191,0.0864033468684632
831,"Distance",-1.63101374575,2.058848797,1,FALSE,0.747188384397687,0.67525532176695,0.0719330626307371
832,"Youden",-0.3316151203,0.6112542955,1,FALSE,0.658102620893319,0.696886920142734,-0.0387842992494156
832,"Distance",-1.63101374575,0.6112542955,1,FALSE,0.63088470530331,0.692235757352036,-0.0613510520487265
833,"Youden",-1.01030927835,0.6112542955,1,FALSE,0.73562200073828,0.690513104466593,0.0451088962716869
833,"Distance",-1.4742268041,0.6112542955,1,FALSE,0.714777900824412,0.691891226774948,0.0228866740494647
834,"Youden",-1.4742268041,0.858247423,1,FALSE,0.714433370247324,0.691522086870924,0.0229112833763997
834,"Distance",-1.4742268041,0.858247423,1,FALSE,0.714433370247324,0.691522086870924,0.0229112833763997
835,"Youden",-0.69029209625,0.858247423,2,FALSE,0.76776178171527,0.696862310815799,0.0708994708994709
835,"Distance",-1.01030927835,1.47895189,1,FALSE,0.737369262950658,0.67390180878553,0.0634674541651286
836,"Youden",-0.69029209625,1.0622852235,2,FALSE,0.712390796111726,0.680989294942783,0.031401501168943
836,"Distance",-1.63101374575,2.058848797,1,FALSE,0.669988925802879,0.67525532176695,-0.00526639596407041
837,"Youden",-0.6967353952,0.1323024055,2,FALSE,0.68317952503999,0.666961978589886,0.0162175464501045
837,"Distance",-1.0060137457,2.7246563575,1,FALSE,0.657635043681555,0.657290513104467,0.00034453057708872
838,"Youden",-0.69029209625,0.6112542955,2,FALSE,0.720142734096223,0.697231450719823,0.0229112833763997
838,"Distance",-1.57731958765,0.858247423,1,FALSE,0.691497477543989,0.684114679463517,0.00738279808047249
839,"Youden",-1.63101374575,1.47895189,1,FALSE,0.784225421434724,0.675624461670973,0.108600959763751
839,"Distance",-1.63101374575,1.47895189,1,FALSE,0.784225421434724,0.675624461670973,0.108600959763751
840,"Youden",-0.53350515465,-0.12757731955,2,FALSE,0.698363479758829,0.651827242524917,0.0465362372339116
840,"Distance",-1.4742268041,2.058848797,1,FALSE,0.643903039251876,0.674910791189861,-0.0310077519379846
841,"Youden",-1.63101374575,0.858247423,1,FALSE,0.690808416389812,0.691866617448013,-0.00105820105820109
841,"Distance",-1.63101374575,1.47895189,1,FALSE,0.690439276485788,0.675624461670973,0.0148148148148148
842,"Youden",-0.3316151203,0.858247423,1,FALSE,0.751175095361142,0.69651778023871,0.0546573151224313
842,"Distance",-1.63101374575,1.219072165,1,FALSE,0.731339977851606,0.683745539559493,0.0475944382921127
843,"Youden",-1.4742268041,2.058848797,1,FALSE,0.761314138058324,0.674910791189861,0.0864033468684632
843,"Distance",-1.4742268041,2.058848797,1,FALSE,0.761314138058324,0.674910791189861,0.0864033468684632
844,"Youden",-0.69029209625,0.609106529,2,FALSE,0.72895287313892,0.697231450719823,0.0317214224190968
844,"Distance",-0.69029209625,1.0622852235,2,FALSE,0.720462655346376,0.680989294942783,0.0394733604035928
845,"Youden",-0.6967353952,0.858247423,2,FALSE,0.773717238833518,0.696862310815799,0.0768549280177188
845,"Distance",-1.4656357388,0.858247423,1,FALSE,0.745121200935154,0.683770148886428,0.0613510520487265
846,"Youden",-1.63101374575,0.6112542955,1,FALSE,0.684459210040605,0.692235757352036,-0.00777654731143107
846,"Distance",-1.63101374575,0.806701031,1,FALSE,0.684090070136582,0.691866617448013,-0.00777654731143107
847,"Youden",-0.69029209625,0.6112542955,2,FALSE,0.681333825519872,0.697231450719823,-0.0158976251999509
847,"Distance",-1.68685567015,1.0107388315,1,FALSE,0.653033099544727,0.661178786760182,-0.00814568721545472
848,"Youden",-0.6387457045,0.07646048095,1,FALSE,0.706115417743325,0.651458102620893,0.0546573151224314
848,"Distance",-1.4742268041,2.058848797,1,FALSE,0.628030023378861,0.674910791189861,-0.0468807678110004
849,"Youden",-1.57731958765,0.1323024055,1,FALSE,0.694401378122308,0.654214347237603,0.0401870308847053
849,"Distance",-1.57731958765,0.858247423,1,FALSE,0.637922972806694,0.684114679463517,-0.0461917066568229
850,"Youden",-0.3316151203,-0.0824742268,1,FALSE,0.674738525901317,0.659234649932324,0.0155038759689922
850,"Distance",-1.4742268041,0.6112542955,1,FALSE,0.624190968377015,0.691891226774948,-0.0677002583979328
851,"Youden",-1.4742268041,0.1323024055,1,FALSE,0.707788851974898,0.66162175464501,0.046167097329888
851,"Distance",-1.4742268041,0.858247423,1,FALSE,0.698560354374308,0.691522086870924,0.00703826750338377
852,"Youden",-1.63101374575,1.1159793815,1,FALSE,0.686206472252984,0.675993601574997,0.010212870677987
852,"Distance",-1.63101374575,1.1159793815,1,FALSE,0.686206472252984,0.675993601574997,0.010212870677987
853,"Youden",-0.6387457045,0.609106529,1,FALSE,0.697945121200935,0.697231450719823,0.000713670481112261
853,"Distance",-1.4656357388,2.5206185565,1,FALSE,0.691842008121078,0.659037775316845,0.0328042328042328
854,"Youden",-1.0060137457,0.6112542955,1,FALSE,0.798400393749231,0.690513104466593,0.107887289282638
854,"Distance",-1.63101374575,0.6112542955,1,FALSE,0.777900824412452,0.692235757352036,0.0856650670604159
855,"Youden",-1.6825601375,0.6112542955,1,FALSE,0.70739510274394,0.692235757352036,0.0151593453919034
855,"Distance",-1.6825601375,1.219072165,1,FALSE,0.707025962839916,0.683745539559493,0.0232804232804233
856,"Youden",-0.3316151203,0.858247423,1,FALSE,0.696173249661622,0.69651778023871,-0.00034453057708872
856,"Distance",-1.57731958765,0.858247423,1,FALSE,0.661203396087117,0.684114679463517,-0.0229112833763997
857,"Youden",-0.3316151203,0.806701031,1,FALSE,0.712390796111726,0.69651778023871,0.0158730158730159
857,"Distance",-1.01030927835,0.806701031,1,FALSE,0.698609573028178,0.690143964562569,0.00846560846560851
858,"Youden",-1.78135738835,0.858247423,1,FALSE,0.752873138919651,0.677051802633198,0.0758213362864526
858,"Distance",-2.3097079038,0.858247423,1,FALSE,0.745810262089332,0.648111234157746,0.0976990279315861
859,"Youden",-1.220790378,2.211340206,1,FALSE,0.79057462778393,0.666469792051187,0.124104835732743
859,"Distance",-1.63101374575,2.211340206,1,FALSE,0.7838562815307,0.67525532176695,0.10860095976375
860,"Youden",-1.4656357388,1.219072165,1,FALSE,0.729248185062139,0.675649070997908,0.0535991140642303
860,"Distance",-1.63101374575,1.219072165,1,FALSE,0.72218530823182,0.683745539559493,0.0384397686723268
861,"Youden",-0.2328178694,0.609106529,1,FALSE,0.66587916820475,0.681383044173742,-0.0155038759689923
861,"Distance",-1.63101374575,0.806701031,1,FALSE,0.654140519256798,0.691866617448013,-0.0377260981912145
862,"Youden",-1.63101374575,2.681701031,1,FALSE,0.743989171896149,0.65901316598991,0.0849760059062384
862,"Distance",-1.63101374575,2.681701031,1,FALSE,0.743989171896149,0.65901316598991,0.0849760059062384
863,"Youden",-0.6967353952,2.681701031,2,FALSE,0.703162298511136,0.664008859357697,0.0391534391534392
863,"Distance",-1.63101374575,2.681701031,1,FALSE,0.690759197735942,0.65901316598991,0.0317460317460317
864,"Youden",-0.69029209625,1.0622852235,2,FALSE,0.670727205610927,0.680989294942783,-0.0102620893318568
864,"Distance",-1.63101374575,1.0622852235,1,FALSE,0.620942537221607,0.675993601574997,-0.0550510643533899
865,"Youden",-1.63101374575,0.6112542955,1,FALSE,0.737344653623723,0.692235757352036,0.0451088962716869
865,"Distance",-1.63101374575,0.6112542955,1,FALSE,0.737344653623723,0.692235757352036,0.0451088962716869
866,"Youden",-1.05970790375,0.6112542955,1,FALSE,0.767023501907223,0.690513104466593,0.0765103974406299
866,"Distance",-1.63101374575,2.058848797,1,FALSE,0.752823920265781,0.67525532176695,0.077568598498831
867,"Youden",-0.69029209625,1.219072165,2,FALSE,0.735302079488126,0.68874123292728,0.0465608465608465
867,"Distance",-1.63101374575,2.681701031,1,FALSE,0.720757967269595,0.65901316598991,0.061744801279685
868,"Youden",-0.64518900345,2.058848797,1,FALSE,0.710175956687585,0.680251015134736,0.0299249415528485
868,"Distance",-0.64518900345,2.058848797,1,FALSE,0.710175956687585,0.680251015134736,0.0299249415528485
869,"Youden",-1.3711340206,2.058848797,1,FALSE,0.777851605758582,0.666814322628276,0.111037283130306
869,"Distance",-1.3711340206,2.058848797,1,FALSE,0.777851605758582,0.666814322628276,0.111037283130306
870,"Youden",-0.3316151203,0.858247423,1,FALSE,0.681358434846807,0.69651778023871,-0.0151593453919036
870,"Distance",-1.63101374575,0.858247423,1,FALSE,0.668955334071613,0.691866617448013,-0.0229112833763997
871,"Youden",-1.4742268041,2.058848797,1,FALSE,0.736261843238587,0.674910791189861,0.0613510520487265
871,"Distance",-1.4742268041,2.058848797,1,FALSE,0.736261843238587,0.674910791189861,0.0613510520487265
872,"Youden",-1.63101374575,0.858247423,1,FALSE,0.728509905254091,0.691866617448013,0.0366432878060785
872,"Distance",-1.63101374575,0.858247423,1,FALSE,0.728509905254091,0.691866617448013,0.0366432878060785
873,"Youden",-0.69029209625,0.6112542955,2,FALSE,0.735695828719085,0.697231450719823,0.0384643779992617
873,"Distance",-1.4742268041,0.858247423,1,FALSE,0.715171650055371,0.691522086870924,0.0236495631844469
874,"Youden",-1.4742268041,0.858247423,1,FALSE,0.712981419958164,0.691522086870924,0.02145933308724
874,"Distance",-1.4742268041,0.858247423,1,FALSE,0.712981419958164,0.691522086870924,0.02145933308724
875,"Youden",-0.6387457045,-0.12757731955,2,FALSE,0.683548664944014,0.659579180509413,0.0239694844346007
875,"Distance",-1.63101374575,1.219072165,1,FALSE,0.653771379352775,0.683745539559493,-0.0299741602067183
876,"Youden",-1.220790378,0.6112542955,1,FALSE,0.737763012181617,0.683450227636274,0.0543127845453427
876,"Distance",-1.63101374575,2.681701031,1,FALSE,0.73025716746647,0.65901316598991,0.0712440014765595
877,"Youden",-1.63101374575,0.6112542955,1,FALSE,0.738427464008859,0.692235757352036,0.0461917066568229
877,"Distance",-1.63101374575,0.806701031,1,FALSE,0.738058324104836,0.691866617448013,0.0461917066568229
878,"Youden",-0.3316151203,0.6112542955,1,FALSE,0.672892826381199,0.696886920142734,-0.0239940937615356
878,"Distance",-1.57731958765,0.858247423,1,FALSE,0.644247569828965,0.684114679463517,-0.0398671096345515
879,"Youden",-0.32946735395,2.058848797,1,FALSE,0.766309831426111,0.672154546573151,0.0941552848529593
879,"Distance",-1.4656357388,2.058848797,1,FALSE,0.761314138058324,0.667158853205365,0.0941552848529593
880,"Youden",-0.0738831615,0.6112542955,1,FALSE,0.705007998031254,0.681038513596653,0.0239694844346007
880,"Distance",-1.4742268041,2.5206185565,1,FALSE,0.69922480620155,0.666789713301341,0.0324350929002092
881,"Youden",-0.3316151203,0.858247423,1,FALSE,0.719773594192199,0.69651778023871,0.0232558139534884
881,"Distance",-1.4742268041,0.858247423,1,FALSE,0.707025962839916,0.691522086870924,0.0155038759689923
882,"Youden",-0.6967353952,0.6112542955,2,FALSE,0.72755014150363,0.697231450719823,0.030318690783807
882,"Distance",-1.56872852235,0.6112542955,1,FALSE,0.714457979574259,0.68448381936754,0.0299741602067183
883,"Youden",-1.01030927835,0.1323024055,1,FALSE,0.698683401008982,0.660243632336656,0.0384397686723268
883,"Distance",-1.63101374575,2.7246563575,1,FALSE,0.683720930232558,0.65901316598991,0.0247077642426479
884,"Youden",-0.69029209625,2.5206185565,2,FALSE,0.757819613633567,0.672129937246216,0.0856896763873508
884,"Distance",-1.63101374575,2.5206185565,1,FALSE,0.730946228620647,0.66713424387843,0.0638119847422174
885,"Youden",-1.4742268041,3.0382302405,1,FALSE,0.742930970837948,0.634674541651286,0.108256429186662
885,"Distance",-1.4742268041,3.0382302405,1,FALSE,0.742930970837948,0.634674541651286,0.108256429186662
886,"Youden",-1.01030927835,-0.90936426115,2,FALSE,0.699052540913006,0.637726098191215,0.0613264427217916
886,"Distance",-1.01030927835,0.858247423,1,FALSE,0.673212747631352,0.690143964562569,-0.0169312169312169
887,"Youden",-1.4742268041,0.6112542955,1,FALSE,0.784619170665682,0.691891226774948,0.0927279438907346
887,"Distance",-1.4742268041,0.858247423,1,FALSE,0.776128952873139,0.691522086870924,0.0846068660022148
888,"Youden",-1.63101374575,0.609106529,1,FALSE,0.731020056601452,0.692235757352036,0.0387842992494155
888,"Distance",-1.63101374575,0.609106529,1,FALSE,0.731020056601452,0.692235757352036,0.0387842992494155
889,"Youden",-0.69029209625,1.219072165,2,FALSE,0.703875968992248,0.68874123292728,0.0151347360649685
889,"Distance",-1.56872852235,1.219072165,1,FALSE,0.698191214470284,0.675993601574997,0.0221976128952873
890,"Youden",-1.63101374575,-0.80627147765,4,FALSE,0.678208440999139,0.639448751076658,0.0387596899224807
890,"Distance",-1.63101374575,0.858247423,1,FALSE,0.651999507813461,0.691866617448013,-0.0398671096345515
891,"Youden",-1.63101374575,0.6112542955,1,FALSE,0.744062999876953,0.692235757352036,0.0518272425249169
891,"Distance",-1.63101374575,0.6112542955,1,FALSE,0.744062999876953,0.692235757352036,0.0518272425249169
892,"Youden",-0.69029209625,2.681701031,2,FALSE,0.711283376399655,0.664008859357697,0.0472745170419588
892,"Distance",-1.63101374575,2.681701031,1,FALSE,0.669595176571921,0.65901316598991,0.0105820105820106
893,"Youden",-1.63101374575,0.606958763,1,FALSE,0.752528608342562,0.692235757352036,0.0602928509905254
893,"Distance",-1.63101374575,0.606958763,1,FALSE,0.752528608342562,0.692235757352036,0.0602928509905254
894,"Youden",-1.63101374575,0.6112542955,1,FALSE,0.760969607481235,0.692235757352036,0.068733850129199
894,"Distance",-1.63101374575,0.6112542955,1,FALSE,0.760969607481235,0.692235757352036,0.068733850129199
895,"Youden",-1.63101374575,0.5597079035,1,FALSE,0.76099421680817,0.668979943398548,0.0920142734096222
895,"Distance",-1.63101374575,1.0622852235,1,FALSE,0.760625076904147,0.675993601574997,0.0846314753291498
896,"Youden",-0.69029209625,0.6112542955,2,FALSE,0.75046142488003,0.697231450719823,0.0532299741602067
896,"Distance",-1.63101374575,0.6112542955,1,FALSE,0.70739510274394,0.692235757352036,0.0151593453919034
897,"Youden",-1.63101374575,2.058848797,1,FALSE,0.706287683031869,0.67525532176695,0.0310323612649194
897,"Distance",-1.63101374575,2.058848797,1,FALSE,0.706287683031869,0.67525532176695,0.0310323612649194
898,"Youden",-0.6387457045,0.609106529,1,FALSE,0.760354374307863,0.697231450719823,0.0631229235880398
898,"Distance",-1.63101374575,1.219072165,1,FALSE,0.747212993724622,0.683745539559493,0.0634674541651286
899,"Youden",-0.64518900345,0.6112542955,1,FALSE,0.751864156515319,0.697231450719823,0.0546327057954964
899,"Distance",-1.57731958765,2.681701031,1,FALSE,0.728485295927156,0.651261228005414,0.0772240679217423
900,"Youden",-1.63101374575,1.219072165,1,FALSE,0.722923588039867,0.683745539559493,0.0391780484803741
900,"Distance",-1.63101374575,2.056701031,1,FALSE,0.714433370247324,0.67525532176695,0.0391780484803741
901,"Youden",-1.4656357388,3.24871134,1,FALSE,0.712636889381075,0.611049587793774,0.101587301587302
901,"Distance",-1.4656357388,3.24871134,1,FALSE,0.712636889381075,0.611049587793774,0.101587301587302
902,"Youden",-1.01030927835,0.130154639,1,FALSE,0.698338870431894,0.660243632336656,0.0380952380952381
902,"Distance",-1.6825601375,1.219072165,1,FALSE,0.666100652147164,0.683745539559493,-0.0176448874123293
903,"Youden",-1.63101374575,2.5206185565,1,FALSE,0.707321274763135,0.66713424387843,0.0401870308847053
903,"Distance",-1.63101374575,2.5206185565,1,FALSE,0.707321274763135,0.66713424387843,0.0401870308847053
904,"Youden",-1.4742268041,2.058848797,1,FALSE,0.698215823797219,0.674910791189861,0.0233050326073582
904,"Distance",-1.4742268041,2.058848797,1,FALSE,0.698215823797219,0.674910791189861,0.0233050326073582
905,"Youden",-0.6967353952,0.759450172,2,FALSE,0.790303925187646,0.689110372831303,0.101193552356343
905,"Distance",-1.21864261165,1.219072165,1,FALSE,0.760305155653993,0.674960009843731,0.0853451458102621
906,"Youden",-0.32946735395,0.606958763,1,FALSE,0.712440014765596,0.689134982158238,0.0233050326073582
906,"Distance",-1.63101374575,1.219072165,1,FALSE,0.661892457241294,0.683745539559493,-0.0218530823181986
907,"Youden",-0.64518900345,2.058848797,1,FALSE,0.751495016611296,0.680251015134736,0.0712440014765596
907,"Distance",-1.6825601375,2.058848797,1,FALSE,0.746499323243509,0.67525532176695,0.0712440014765596
908,"Youden",-0.69029209625,0.6112542955,2,FALSE,0.705352528608343,0.697231450719823,0.00812107788851968
908,"Distance",-1.63101374575,1.219072165,1,FALSE,0.69255567860219,0.683745539559493,0.00881013904269723
909,"Youden",-1.0554123711,1.47895189,1,FALSE,0.782896517780239,0.67390180878553,0.108994708994709
909,"Distance",-1.63101374575,2.6323024055,1,FALSE,0.767638735080596,0.65901316598991,0.108625569090685
910,"Youden",-0.69029209625,2.058848797,2,FALSE,0.725335302079488,0.680251015134736,0.0450842869447521
910,"Distance",-1.63101374575,2.058848797,1,FALSE,0.697428325335302,0.67525532176695,0.0221730035683524
911,"Youden",-0.07817869415,1.3737113405,2,FALSE,0.727205610926541,0.66442721791559,0.0627783930109511
911,"Distance",-1.63101374575,2.058848797,1,FALSE,0.707025962839916,0.67525532176695,0.0317706410729667
912,"Youden",-1.4742268041,0.806701031,1,FALSE,0.793453919035314,0.691522086870924,0.10193183216439
912,"Distance",-1.4742268041,3.24871134,1,FALSE,0.7369755137197,0.61880152577827,0.11817398794143
913,"Youden",-1.63101374575,2.058848797,1,FALSE,0.723243509290021,0.67525532176695,0.0479881875230712
913,"Distance",-1.63101374575,2.058848797,1,FALSE,0.723243509290021,0.67525532176695,0.0479881875230712
914,"Youden",-0.69029209625,0.6112542955,2,FALSE,0.75046142488003,0.697231450719823,0.0532299741602067
914,"Distance",-1.63101374575,0.858247423,1,FALSE,0.745441122185308,0.691866617448013,0.0535745047372954
915,"Youden",-1.4742268041,0.6112542955,1,FALSE,0.753955949304786,0.691891226774948,0.0620647225298387
915,"Distance",-1.4742268041,0.858247423,1,FALSE,0.753586809400763,0.691522086870924,0.0620647225298387
916,"Youden",-0.07817869415,0.858247423,2,FALSE,0.703949796973053,0.680669373692629,0.0232804232804233
916,"Distance",-1.63101374575,1.219072165,1,FALSE,0.690808416389812,0.683745539559493,0.0070628768303187
917,"Youden",-1.57731958765,1.0622852235,1,FALSE,0.759936015749969,0.668241663590501,0.0916943521594685
917,"Distance",-1.57731958765,1.0622852235,1,FALSE,0.759936015749969,0.668241663590501,0.0916943521594685
918,"Youden",-1.3711340206,1.219072165,1,FALSE,0.760625076904147,0.67530454042082,0.0853205364833272
918,"Distance",-1.3711340206,1.219072165,1,FALSE,0.760625076904147,0.67530454042082,0.0853205364833272
919,"Youden",-1.01030927835,0.858247423,1,FALSE,0.75292235757352,0.690143964562569,0.0627783930109511
919,"Distance",-1.63101374575,2.058848797,1,FALSE,0.730626307370493,0.67525532176695,0.0553709856035437
920,"Youden",-1.3711340206,0.609106529,1,FALSE,0.744801279685001,0.683794758213363,0.0610065214716377
920,"Distance",-1.63101374575,0.858247423,1,FALSE,0.722554448135843,0.691866617448013,0.0306878306878307
921,"Youden",-1.4742268041,0.858247423,1,FALSE,0.715171650055371,0.691522086870924,0.0236495631844469
921,"Distance",-1.4742268041,3.24871134,1,FALSE,0.705574012550757,0.61880152577827,0.0867724867724868
922,"Youden",-1.63101374575,0.858247423,1,FALSE,0.754620401132029,0.691866617448013,0.0627537836840162
922,"Distance",-1.63101374575,2.211340206,1,FALSE,0.745761043435462,0.67525532176695,0.0705057216685123
923,"Youden",-1.0060137457,0.7573024055,1,FALSE,0.729691152946967,0.682392026578073,0.0472991263688938
923,"Distance",-1.63101374575,2.5206185565,1,FALSE,0.699987695336532,0.66713424387843,0.0328534514581026
924,"Youden",-1.63101374575,0.858247423,1,FALSE,0.801181247692876,0.691866617448013,0.109314630244863
924,"Distance",-1.63101374575,1.219072165,1,FALSE,0.793060169804356,0.683745539559493,0.109314630244863
925,"Youden",-0.6387457045,2.5206185565,1,FALSE,0.781444567491079,0.672129937246216,0.109314630244863
925,"Distance",-1.63101374575,2.5206185565,1,FALSE,0.761634059308478,0.66713424387843,0.094499815430048
926,"Youden",-0.69029209625,0.609106529,2,FALSE,0.75964070382675,0.697231450719823,0.0624092531069275
926,"Distance",-1.62457044675,0.858247423,1,FALSE,0.729248185062139,0.691866617448013,0.0373815676141257
927,"Youden",-0.69029209625,1.3737113405,2,FALSE,0.704269718223207,0.68062015503876,0.0236495631844469
927,"Distance",-1.63101374575,1.3737113405,1,FALSE,0.669644395225791,0.675624461670973,-0.00598006644518267
928,"Youden",-0.32946735395,0.606958763,1,FALSE,0.672868217054264,0.689134982158238,-0.0162667651039744
928,"Distance",-2.36125429555,0.606958763,1,FALSE,0.639621016365202,0.648480374061769,-0.00885935769656698
929,"Youden",-1.56872852235,2.5206185565,1,FALSE,0.728829826504245,0.659382305893934,0.0694475206103113
929,"Distance",-1.56872852235,2.5206185565,1,FALSE,0.728829826504245,0.659382305893934,0.0694475206103113
930,"Youden",-0.07817869415,0.1323024055,2,FALSE,0.681432262827612,0.650769041466716,0.0306632213608958
930,"Distance",-1.63101374575,0.5597079035,1,FALSE,0.623083548664944,0.668979943398548,-0.0458963947336041
931,"Youden",-0.2328178694,1.219072165,1,FALSE,0.719035314384152,0.672892826381199,0.0461424880029531
931,"Distance",-1.3711340206,1.219072165,1,FALSE,0.705598621877692,0.67530454042082,0.0302940814568721
932,"Youden",-1.4742268041,0.6112542955,1,FALSE,0.745465731512243,0.691891226774948,0.0535745047372954
932,"Distance",-1.4742268041,0.858247423,1,FALSE,0.74509659160822,0.691522086870924,0.0535745047372954
933,"Youden",-0.3316151203,0.858247423,1,FALSE,0.672917435708133,0.69651778023871,-0.0236003445305771
933,"Distance",-1.220790378,2.058848797,1,FALSE,0.60546327057955,0.666469792051187,-0.0610065214716378
934,"Youden",-0.69029209625,0.1323024055,2,FALSE,0.713498215823797,0.666961978589886,0.0465362372339116
934,"Distance",-2.8251718213,1.219072165,1,FALSE,0.687215454657315,0.6255198720315,0.0616955826258152
935,"Youden",-1.4742268041,-0.0824742268,1,FALSE,0.661301833394857,0.654238956564538,0.0070628768303187
935,"Distance",-1.63101374575,1.47895189,1,FALSE,0.644616709732989,0.675624461670973,-0.0310077519379844
936,"Youden",-0.69029209625,0.858247423,2,FALSE,0.760625076904147,0.696862310815799,0.0637627660883475
936,"Distance",-0.69029209625,2.058848797,2,FALSE,0.760255937000123,0.680251015134736,0.080004921865387
937,"Youden",-1.3711340206,0.609106529,1,FALSE,0.73702473237357,0.683794758213363,0.0532299741602067
937,"Distance",-1.3711340206,1.47895189,1,FALSE,0.736286452565522,0.6671834625323,0.0691029900332226
938,"Youden",-0.69029209625,2.681701031,2,FALSE,0.749673926418112,0.664008859357697,0.0856650670604159
938,"Distance",-1.0060137457,2.681701031,1,FALSE,0.735548172757475,0.657290513104467,0.0782576596530085
939,"Youden",-0.3316151203,0.07646048095,1,FALSE,0.697305278700628,0.651113572043805,0.0461917066568229
939,"Distance",-1.63101374575,1.219072165,1,FALSE,0.643927648578811,0.683745539559493,-0.0398178909806817
940,"Youden",-0.69029209625,1.219072165,2,FALSE,0.719798203519134,0.68874123292728,0.0310569705918542
940,"Distance",-1.4656357388,2.6323024055,1,FALSE,0.713325950535253,0.650916697428325,0.0624092531069275
941,"Youden",-1.0060137457,0.130154639,1,FALSE,0.721939214962471,0.660243632336656,0.0616955826258151
941,"Distance",-1.63101374575,1.219072165,1,FALSE,0.706312292358804,0.683745539559493,0.022566752799311
942,"Youden",-1.0060137457,2.211340206,1,FALSE,0.664697920511874,0.673532668881506,-0.00883474836963205
942,"Distance",-1.0060137457,2.211340206,1,FALSE,0.664697920511874,0.673532668881506,-0.00883474836963205
943,"Youden",-1.4742268041,2.5206185565,1,FALSE,0.720757967269595,0.666789713301341,0.053968253968254
943,"Distance",-1.98969072165,2.5206185565,1,FALSE,0.714384151593454,0.630441737418482,0.0839424141749723
944,"Youden",-0.6387457045,0.858247423,1,FALSE,0.767368032484312,0.696862310815799,0.0705057216685123
944,"Distance",-0.6387457045,1.219072165,1,FALSE,0.766998892580288,0.68874123292728,0.0782576596530085
945,"Youden",-1.57731958765,1.3737113405,1,FALSE,0.714753291497478,0.667872523686477,0.0468807678110004
945,"Distance",-1.57731958765,1.3737113405,1,FALSE,0.714753291497478,0.667872523686477,0.0468807678110004
946,"Youden",-1.4742268041,-0.0824742268,1,FALSE,0.745884090070137,0.654238956564538,0.0916451335055987
946,"Distance",-1.63101374575,2.681701031,1,FALSE,0.72885443583118,0.65901316598991,0.0698412698412698
947,"Youden",-1.3711340206,2.681701031,1,FALSE,0.774332472006891,0.650572166851237,0.123760305155654
947,"Distance",-1.3711340206,2.681701031,1,FALSE,0.774332472006891,0.650572166851237,0.123760305155654
948,"Youden",-1.4742268041,0.858247423,1,FALSE,0.785997292974037,0.691522086870924,0.0944752061031131
948,"Distance",-1.4742268041,0.858247423,1,FALSE,0.785997292974037,0.691522086870924,0.0944752061031131
949,"Youden",-1.63101374575,2.056701031,1,FALSE,0.713670481112342,0.67525532176695,0.0384151593453919
949,"Distance",-1.63101374575,2.056701031,1,FALSE,0.713670481112342,0.67525532176695,0.0384151593453919
950,"Youden",-1.63101374575,0.609106529,1,FALSE,0.753955949304786,0.692235757352036,0.06172019195275
950,"Distance",-1.63101374575,0.858247423,1,FALSE,0.737713793527747,0.691866617448013,0.0458471760797342
951,"Youden",-0.32946735395,0.6112542955,1,FALSE,0.728977482465855,0.689134982158238,0.0398425003076166
951,"Distance",-2.36125429555,0.6112542955,1,FALSE,0.717607973421927,0.648480374061769,0.0691275993601576
952,"Youden",-0.69029209625,0.806701031,2,FALSE,0.688790451581149,0.696862310815799,-0.00807185923464993
952,"Distance",-1.4742268041,1.219072165,1,FALSE,0.683081087732251,0.683401008982404,-0.000319921250153787
953,"Youden",-1.63101374575,-0.17912371135,1,FALSE,0.745195028915959,0.64683154915713,0.0983634797588286
953,"Distance",-1.63101374575,0.858247423,1,FALSE,0.735228251507321,0.691866617448013,0.0433616340593085
954,"Youden",-1.63101374575,0.6112542955,1,FALSE,0.729248185062139,0.692235757352036,0.037012427710102
954,"Distance",-1.63101374575,0.6112542955,1,FALSE,0.729248185062139,0.692235757352036,0.037012427710102
955,"Youden",-0.69029209625,2.5206185565,2,FALSE,0.803986710963455,0.672129937246216,0.131856773717239
955,"Distance",-1.01030927835,2.5206185565,1,FALSE,0.789860957302818,0.665411590992986,0.124449366309831
956,"Youden",-1.57731958765,0.759450172,1,FALSE,0.705623231204627,0.676362741479021,0.029260489725606
956,"Distance",-1.57731958765,0.759450172,1,FALSE,0.705623231204627,0.676362741479021,0.029260489725606
957,"Youden",-0.07817869415,1.7968213055,2,FALSE,0.759320782576597,0.648554202042574,0.110766580534022
957,"Distance",-1.63101374575,2.681701031,1,FALSE,0.730995447274517,0.65901316598991,0.0719822812846068
958,"Youden",-1.01030927835,1.0622852235,1,FALSE,0.698609573028178,0.674270948689553,0.0243386243386243
958,"Distance",-1.56872852235,1.0622852235,1,FALSE,0.684139288790452,0.668241663590501,0.0158976251999509
959,"Youden",-1.05970790375,0.6112542955,1,FALSE,0.712735326688815,0.690513104466593,0.0222222222222221
959,"Distance",-1.63101374575,0.858247423,1,FALSE,0.690833025716747,0.691866617448013,-0.00103359173126616
960,"Youden",-0.3316151203,2.323024055,1,FALSE,0.695779500430663,0.664033468684631,0.0317460317460319
960,"Distance",-1.01030927835,2.323024055,1,FALSE,0.675279931093885,0.65765965300849,0.0176202780853945
961,"Youden",-1.4742268041,0.448024055,2,FALSE,0.723637258520979,0.653131536852467,0.0705057216685124
961,"Distance",-1.4742268041,1.47895189,1,FALSE,0.690783807062877,0.675279931093885,0.0155038759689922
962,"Youden",-1.4742268041,1.219072165,1,FALSE,0.739461055740125,0.683401008982404,0.0560600467577211
962,"Distance",-1.4742268041,1.219072165,1,FALSE,0.739461055740125,0.683401008982404,0.0560600467577211
963,"Youden",-1.63101374575,0.858247423,1,FALSE,0.715196259382306,0.691866617448013,0.0233296419342931
963,"Distance",-1.63101374575,1.219072165,1,FALSE,0.706706041589762,0.683745539559493,0.0229605020302694
964,"Youden",-1.4742268041,2.7246563575,1,FALSE,0.799680078749846,0.658668635412822,0.141011443337025
964,"Distance",-1.4742268041,2.7246563575,1,FALSE,0.799680078749846,0.658668635412822,0.141011443337025
965,"Youden",-1.220790378,0.858247423,1,FALSE,0.768401624215578,0.683081087732251,0.0853205364833272
965,"Distance",-1.63101374575,1.219072165,1,FALSE,0.753562200073828,0.683745539559493,0.069816660514335
966,"Youden",-1.4656357388,0.858247423,1,FALSE,0.784988310569706,0.683770148886428,0.101218161683278
966,"Distance",-1.4656357388,2.681701031,1,FALSE,0.759886797096099,0.650916697428325,0.108970099667774
967,"Youden",-0.6387457045,2.058848797,1,FALSE,0.750067675649071,0.680251015134736,0.0698166605143349
967,"Distance",-1.57731958765,2.058848797,1,FALSE,0.722160698904885,0.667503383782454,0.0546573151224314
968,"Youden",-1.05970790375,2.681701031,1,FALSE,0.72745170419589,0.657290513104467,0.0701611910914236
968,"Distance",-1.4656357388,2.681701031,1,FALSE,0.72073335794266,0.650916697428325,0.0698166605143349
969,"Youden",-1.220790378,0.6112542955,1,FALSE,0.799064845576474,0.683450227636274,0.115614617940199
969,"Distance",-1.4742268041,0.6112542955,1,FALSE,0.792001968746155,0.691891226774948,0.100110741971207
970,"Youden",-0.64518900345,0.858247423,1,FALSE,0.759616094499815,0.696862310815799,0.0627537836840162
970,"Distance",-1.4656357388,2.058848797,1,FALSE,0.737320044296789,0.667158853205365,0.0701611910914237
971,"Youden",-1.27448453605,0.07646048095,1,FALSE,0.67646117878676,0.630269472129937,0.0461917066568229
971,"Distance",-1.63101374575,2.058848797,1,FALSE,0.619195275009229,0.67525532176695,-0.0560600467577211
972,"Youden",-0.6967353952,2.058848797,2,FALSE,0.766285222099176,0.680251015134736,0.0860342069644395
972,"Distance",-1.63101374575,2.058848797,1,FALSE,0.760944998154301,0.67525532176695,0.0856896763873508
973,"Youden",-0.69029209625,0.858247423,2,FALSE,0.680989294942783,0.696862310815799,-0.0158730158730158
973,"Distance",-2.0906357388,0.858247423,1,FALSE,0.65514950166113,0.647766703580657,0.0073827980804726
974,"Youden",-1.01030927835,1.219072165,1,FALSE,0.721816168327796,0.682022886674049,0.0397932816537468
974,"Distance",-1.01030927835,1.219072165,1,FALSE,0.721816168327796,0.682022886674049,0.0397932816537468
975,"Youden",-1.63101374575,0.6112542955,1,FALSE,0.713768918420081,0.692235757352036,0.0215331610680448
975,"Distance",-1.63101374575,0.858247423,1,FALSE,0.704909560723514,0.691866617448013,0.0130429432755014
976,"Youden",-1.57731958765,0.6112542955,1,FALSE,0.707739633321029,0.68448381936754,0.0232558139534883
976,"Distance",-1.57731958765,0.6112542955,1,FALSE,0.707739633321029,0.68448381936754,0.0232558139534883
977,"Youden",-1.4742268041,0.609106529,1,FALSE,0.715540789959395,0.691891226774948,0.0236495631844469
977,"Distance",-1.4742268041,2.681701031,1,FALSE,0.690070136581765,0.658668635412822,0.031401501168943
978,"Youden",-0.6387457045,1.3737113405,1,FALSE,0.734908330257168,0.68062015503876,0.0542881752184078
978,"Distance",-1.4742268041,1.3737113405,1,FALSE,0.728879045158115,0.675279931093885,0.0535991140642303
979,"Youden",-0.3316151203,1.219072165,1,FALSE,0.728239202657807,0.688396702350191,0.0398425003076166
979,"Distance",-1.01030927835,2.058848797,1,FALSE,0.713375169189123,0.673532668881506,0.0398425003076166
980,"Youden",-0.3316151203,0.6112542955,1,FALSE,0.734957548911037,0.696886920142734,0.0380706287683031
980,"Distance",-1.63101374575,0.6112542955,1,FALSE,0.715491571305525,0.692235757352036,0.0232558139534883
981,"Youden",-2.3097079038,0.609106529,1,FALSE,0.723957179771133,0.648480374061769,0.0754768057093639
981,"Distance",-2.3097079038,0.858247423,1,FALSE,0.715836101882613,0.648111234157746,0.0677248677248677
982,"Youden",-1.63101374575,0.1902920965,1,FALSE,0.701439645625692,0.646093269349083,0.0553463762766089
982,"Distance",-1.63101374575,0.5597079035,1,FALSE,0.684828349944629,0.668979943398548,0.015848406546081
983,"Youden",-0.69029209625,2.5206185565,2,FALSE,0.689061154177433,0.672129937246216,0.0169312169312169
983,"Distance",-1.0554123711,2.5206185565,1,FALSE,0.674935400516796,0.665411590992986,0.0095238095238096
984,"Youden",-1.63101374575,0.858247423,1,FALSE,0.715860711209548,0.691866617448013,0.0239940937615356
984,"Distance",-1.63101374575,2.058848797,1,FALSE,0.707370493417005,0.67525532176695,0.0321151716500553
985,"Youden",-0.2328178694,1.219072165,1,FALSE,0.688027562446167,0.672892826381199,0.0151347360649686
985,"Distance",-1.4742268041,1.219072165,1,FALSE,0.683031869078381,0.683401008982404,-0.000369139904023652
986,"Youden",-0.3316151203,1.219072165,1,FALSE,0.727525532176695,0.688396702350191,0.0391288298265042
986,"Distance",-1.63101374575,1.219072165,1,FALSE,0.699963086009598,0.683745539559493,0.0162175464501045
987,"Youden",-1.63101374575,2.7246563575,1,FALSE,0.735868094007629,0.65901316598991,0.0768549280177186
987,"Distance",-1.63101374575,1.219072165,1,FALSE,0.721102497846684,0.683745539559493,0.0373569582871909
988,"Youden",-0.6387457045,1.47895189,1,FALSE,0.719748984865264,0.68062015503876,0.0391288298265042
988,"Distance",-1.42268041235,1.47895189,1,FALSE,0.6911529469669,0.659776055124892,0.0313768918420081
989,"Youden",-1.63101374575,0.6112542955,1,FALSE,0.746893072474468,0.692235757352036,0.0546573151224313
989,"Distance",-1.63101374575,0.858247423,1,FALSE,0.738402854681924,0.691866617448013,0.0465362372339116
990,"Youden",-0.2328178694,0.606958763,1,FALSE,0.681013904269718,0.681383044173742,-0.000369139904023652
990,"Distance",-1.6825601375,0.606958763,1,FALSE,0.654140519256798,0.692235757352036,-0.0380952380952382
991,"Youden",-0.3316151203,0.6112542955,1,FALSE,0.664771748492679,0.696886920142734,-0.0321151716500554
991,"Distance",-1.64411512025,0.6112542955,1,FALSE,0.659776055124892,0.692235757352036,-0.0324597022271441
992,"Youden",-0.3316151203,0.806701031,1,FALSE,0.805438661252615,0.69651778023871,0.108920881013904
992,"Distance",-0.69029209625,1.219072165,2,FALSE,0.798006644518272,0.68874123292728,0.109265411590993
993,"Youden",-1.63101374575,0.606958763,1,FALSE,0.731364587178541,0.692235757352036,0.0391288298265042
993,"Distance",-1.63101374575,1.47895189,1,FALSE,0.722874369385997,0.675624461670973,0.047249907715024
994,"Youden",-3.03350515465,2.056701031,1,FALSE,0.701661129568106,0.609966777408638,0.0916943521594684
994,"Distance",-3.03350515465,2.056701031,1,FALSE,0.701661129568106,0.609966777408638,0.0916943521594684
995,"Youden",-2.3097079038,0.6112542955,1,FALSE,0.731684508428694,0.648480374061769,0.0832041343669251
995,"Distance",-2.3097079038,0.6112542955,1,FALSE,0.731684508428694,0.648480374061769,0.0832041343669251
996,"Youden",-1.63101374575,2.058848797,1,FALSE,0.752479389688692,0.67525532176695,0.0772240679217423
996,"Distance",-1.63101374575,2.058848797,1,FALSE,0.752479389688692,0.67525532176695,0.0772240679217423
997,"Youden",-1.63101374575,0.858247423,1,FALSE,0.759222345268857,0.691866617448013,0.0673557278208441
997,"Distance",-1.63101374575,1.219072165,1,FALSE,0.758853205364833,0.683745539559493,0.0751076658053402
998,"Youden",-0.3316151203,0.858247423,1,FALSE,0.735302079488126,0.69651778023871,0.0387842992494155
998,"Distance",-1.6825601375,0.858247423,1,FALSE,0.723243509290021,0.691866617448013,0.0313768918420081
999,"Youden",-1.0554123711,0.806701031,1,FALSE,0.768057093638489,0.690143964562569,0.0779131290759197
999,"Distance",-1.4656357388,1.219072165,1,FALSE,0.753562200073828,0.675649070997908,0.0779131290759199
1000,"Youden",-1.3711340206,0.6112542955,1,FALSE,0.752528608342562,0.683794758213363,0.068733850129199
1000,"Distance",-2.36125429555,0.6112542955,1,FALSE,0.739436446413191,0.648480374061769,0.0909560723514212
